heritage_id,common_name,scientific_name,location_description,hyperlink,longitude,latitude
HT 2007-163,Mangrove Apple,Sonneratia alba J. Smith,"Pulau Ubin, near Chek Jawa, from House No. 1 on the left",https://heritagetrees.nparks.gov.sg/ht-2007-163/,103.9885257001884,1.407340150077526
HT 2007-162,Mangrove Apple,Sonneratia alba J. Smith,"Pulau Ubin, near Chek Jawa,  from House No. 1 on the right",https://heritagetrees.nparks.gov.sg/ht-2007-162/,103.9882917002536,1.407361319633069
HT 2014-224,Black Rosewood,Dalbergia oliveri,"Fort Canning Park, Fort Green",https://heritagetrees.nparks.gov.sg/ht-2014-224/,103.84763341882136,1.2952937983989612
HT 2015-246,Chengal Pasir,Hopea odorata Roxb.,"Singapore Botanic Gardens, Lawn XA",https://heritagetrees.nparks.gov.sg/ht-2015-246/,103.81540929966516,1.3159575802288401
HT 2014-234,Teak,Tectona grandis L.f.,"Singapore Botanic Gardens, along Office Ring Road, Botany Centre",https://heritagetrees.nparks.gov.sg/ht-2014-234/,103.81799299963001,1.308248590431449
HT 2020-313,Santol,Sandoricum koetjape (Burm. f.) Merr.,"Clemenceau Ave North, near lamp-post No. 8, opposite Blk 100 Cavenagh House",https://heritagetrees.nparks.gov.sg/ht-2020-313/,103.8400306954244,1.3075712757153206
HT 2016-276,Broad-leafed Mahogany,Swietenia macrophylla King,Tanglin Rd near Hse No 287,https://heritagetrees.nparks.gov.sg/ht-2016-276/,103.82112824135739,1.30292854107454
HT 2005-134,Kapok Tree,Ceiba pentandra (L.) Gaertn.,"Seah Im Road, at far end of public carpark",https://heritagetrees.nparks.gov.sg/ht-2005-134/,103.81735081326181,1.268674208206839
HT 2001-12,Terap,Artocarpus elasticus Reinw. ex Blume,"Fort Canning Park, along 14th Century Walk of History",https://heritagetrees.nparks.gov.sg/ht-2001-12/,103.84633177500358,1.292552326590616
HT 2003-125,Medang Salah,Terminalia subspathulata King,"Changi, Loyang Avenue near junction with Halton Road",https://heritagetrees.nparks.gov.sg/ht-2003-125/,103.98047684595349,1.387641844037961
HT 2003-124,Medang Salah,Terminalia subspathulata King,"Changi, Loyang Avenue near junction with Halton Road",https://heritagetrees.nparks.gov.sg/ht-2003-124/,103.98094023346178,1.3877007684814384
HT 2015-243,Kempas,Koompassia malaccensis Maing. ex Benth.,"Singapore Botanic Gardens, LXA",https://heritagetrees.nparks.gov.sg/ht-2015-243/,103.81507399965913,1.3155240000496808
HT 2007-161,,Samanea saman (Jacq.) Merr.,,https://heritagetrees.nparks.gov.sg/ht-2007-161/,103.87089839960673,1.409629970325075
HT 2013-205,Collared Fig,Ficus crassiramea subsp. crassiramea (Miq.) Miq.,"Pulau Ubin, along Ketam bike trail, near Pipit Hut",https://heritagetrees.nparks.gov.sg/ht-2013-205/,103.9436899997204,1.412479999860716
HT 2017-290,Sea Almond,Terminalia catappa L.,"Singapore Botanic Gardens, EG8 (future ethno-botany garden)",https://heritagetrees.nparks.gov.sg/ht-2017-290/,103.81629300022912,1.3201491003868284
HT 2023-325,Neram,Dipterocarpus oblongifolius Blume,,https://heritagetrees.nparks.gov.sg/ht-2023-325/,103.81732850031827,1.3092051599333707
HT 2012-188,Common Pulai,Alstonia angustiloba Miq.,"Singapore Botanic Gardens, National Orchid Garden",https://heritagetrees.nparks.gov.sg/ht-2012-188/,103.81399220026574,1.314164399886352
HT 2003-101,Angsana,Pterocarpus indicus Willd.,,https://heritagetrees.nparks.gov.sg/ht-2003-101/,103.83659320019815,1.2791008497729568
HT 2003-99,Angsana,Pterocarpus indicus Willd.,"Pender Road, within grounds of the Danish Seamen's Mission",https://heritagetrees.nparks.gov.sg/ht-2003-99/,103.81509743069269,1.2730706314461682
HT 2005-145,Pukul Lima,Samanea saman (Jacq.) Merr.,"Everton Road, top of the slope opposite Block 10 multi-storey carpark",https://heritagetrees.nparks.gov.sg/ht-2005-145/,103.83837711321722,1.2741992828088475
HT 2003-107,Rain Tree,Samanea saman (Jacq.) Merr.,"Top of the slope at junction of Spottiswoode Park Road and
Everton Road",https://heritagetrees.nparks.gov.sg/ht-2003-107/,103.83846070111103,1.2736370814368971
HT 2003-37,Common Pulai,Alstonia angustiloba Miq.,"Pulau Ubin, Jalan Durian after Pekakak Hut, former Kampong Melayu",https://heritagetrees.nparks.gov.sg/ht-2003-37/,103.98545489959407,1.4080100300938008
HT 2003-79,Sea Fig,Ficus superba Miq.,,https://heritagetrees.nparks.gov.sg/ht-2003-79/,103.68368299971388,1.342378260167374
HT 2003-86,Binjai,Mangifera caesia Jack,,https://heritagetrees.nparks.gov.sg/ht-2003-86/,103.7877080001521,1.3371922501590365
HT 2003-106,Rain Tree,Samanea saman (Jacq.) Merr.,,https://heritagetrees.nparks.gov.sg/ht-2003-106/,103.8157435995575,1.3240826403107302
HT 2003-117,Tempinis,Sloetia elongata (Miq.) Koord.,,https://heritagetrees.nparks.gov.sg/ht-2003-117/,103.84825210024556,1.2180452595822984
HT 2005-130,Common Pulai,Alstonia angustiloba Miq.,,https://heritagetrees.nparks.gov.sg/ht-2005-130/,103.81566159986099,1.2541510099420572
HT 2005-139,Medang,Litsea elliptica Blume,,https://heritagetrees.nparks.gov.sg/ht-2005-139/,103.8312820001947,1.2486355297346814
HT 2005-142,Yellow Flame,Peltophorum pterocarpum (DC.) Backer ex K.Heyne,,https://heritagetrees.nparks.gov.sg/ht-2005-142/,103.84782000037521,1.3248500003063164
HT 2005-146,Broad-leafed Mahogany,Swietenia macrophylla King,,https://heritagetrees.nparks.gov.sg/ht-2005-146/,103.86241999983065,1.4148399995822094
HT 2005-149,Broad-leafed Mahogany,Swietenia macrophylla King,,https://heritagetrees.nparks.gov.sg/ht-2005-149/,103.86221000031107,1.4152300000771396
HT 2007-152,Kapok Tree,Ceiba pentandra (L.) Gaertn.,,https://heritagetrees.nparks.gov.sg/ht-2007-152/,103.79334000001215,1.40470000030551
HT 2007-153,Kapok Tree,Ceiba pentandra (L.) Gaertn.,,https://heritagetrees.nparks.gov.sg/ht-2007-153/,103.7939899998972,1.4033699997268816
HT 2007-155,Johor Fig,Ficus kerkhovenii Valeton,,https://heritagetrees.nparks.gov.sg/ht-2007-155/,103.82355369992071,1.2501898201933825
HT 2007-159,Angsana,Pterocarpus indicus Willd.,,https://heritagetrees.nparks.gov.sg/ht-2007-159/,103.7935364003064,1.2845988897715968
HT 2008-164,Madras Thorn,Pithecellobium dulce,,https://heritagetrees.nparks.gov.sg/ht-2008-164/,103.80192300040991,1.3374018195898074
HT 2008-169,Rain Tree,Samanea saman (Jacq.) Merr.,,https://heritagetrees.nparks.gov.sg/ht-2008-169/,103.84801639960158,1.3092773300462701
HT 2009-175,Rain Tree,Samanea saman (Jacq.) Merr.,,https://heritagetrees.nparks.gov.sg/ht-2009-175/,103.82502970002251,1.2881367695901618
HT 2010-177,Brown Woolly Fig,Ficus drupacea Thunb.,,https://heritagetrees.nparks.gov.sg/ht-2010-177/,103.78160000031146,1.307439999816765
HT 2010-178,Brown Woolly Fig,Ficus drupacea Thunb.,,https://heritagetrees.nparks.gov.sg/ht-2010-178/,103.7818599998801,1.3076399999511599
HT 2010-179,Brown Woolly Fig,Ficus drupacea Thunb.,,https://heritagetrees.nparks.gov.sg/ht-2010-179/,103.78159000016217,1.3076700002709436
HT 2010-180,Brown Woolly Fig,Ficus drupacea Thunb.,,https://heritagetrees.nparks.gov.sg/ht-2010-180/,103.7815399996742,1.3077100001739863
HT 2010-181,Indian Rubber Tree,Ficus elastica Roxb. ex Hornem.,,https://heritagetrees.nparks.gov.sg/ht-2010-181/,103.84913999997384,1.2964299998638276
HT 2010-182,Red Mahogany,Khaya nyasica,,https://heritagetrees.nparks.gov.sg/ht-2010-182/,103.84465000040046,1.3339500000205333
HT 2014-225,Bodhi Tree,Ficus religiosa L.,,https://heritagetrees.nparks.gov.sg/ht-2014-225/,103.86086800039594,1.3242229997560317
HT 2014-226,蓝子木,Margaritaria indica (Dalzell) Airy Shaw,,https://heritagetrees.nparks.gov.sg/ht-2014-226/,103.77211899970983,1.3070099996746432
HT 2019-300,Neem Tree,Azadirachta indica A. Juss.,,https://heritagetrees.nparks.gov.sg/ht-2019-300/,103.84789199987263,1.2207309996136468
HT 2016-275,Madras Thorn,Pithecellobium dulce,Marine Parade Rd Park / Playground,https://heritagetrees.nparks.gov.sg/ht-2016-275/,103.90924532238279,1.30559347408252
HT 2018-292,Chittagong Wood,Chukrasia tabularis,"Hooper Rd Playground, near House No 21A",https://heritagetrees.nparks.gov.sg/ht-2018-292/,103.84312920905718,1.312076543713054
HT 2012-203,Indian Rubber Tree,Ficus elastica Roxb. ex Hornem.,"Duxton Plain Park, near Pinnacle block 1D",https://heritagetrees.nparks.gov.sg/ht-2012-203/,103.84223832270179,1.2770801377387486
HT 2019-303,Johor Fig,Ficus kerkhovenii Valeton,,https://heritagetrees.nparks.gov.sg/ht-2019-303/,103.82531999974084,1.2492799996066344
HT 2020-314,Selembat,Syzygium conglomeratum (Duthie) I.M.Turner,,https://heritagetrees.nparks.gov.sg/ht-2020-314/,103.78786000003946,1.4026899998878621
HT 2003-45,,Buchanania arborescens (Blume) Blume,,https://heritagetrees.nparks.gov.sg/ht-2003-45/,103.97417619956771,1.3893939002166713
HT 2003-73,,Ficus stricta (Miq.) Miq.,,https://heritagetrees.nparks.gov.sg/ht-2003-73/,103.98192990006983,1.39176356997308
HT 2003-72,,Ficus stricta (Miq.) Miq.,,https://heritagetrees.nparks.gov.sg/ht-2003-72/,103.9818903997078,1.3915500799606408
HT 2022-320,,Alstonia angustiloba Miq.,,https://heritagetrees.nparks.gov.sg/ht-2022-320/,103.81284000041377,1.3700800002261864
HT 2003-116,,Sloetia elongata (Miq.) Koord.,,https://heritagetrees.nparks.gov.sg/ht-2003-116/,103.97471679976982,1.3901264899637913
HT 2023-324,,Bhesa robusta (Roxb.) Ding Hou,,https://heritagetrees.nparks.gov.sg/ht-2023-324/,103.81621999978051,1.2566300004427746
HT 2018-294,,Hevea brasiliensis (Willd. ex A.Juss.) Müll.Arg.,,https://heritagetrees.nparks.gov.sg/ht-2018-294/,103.78020830012939,1.4366331804296035
HT 2003-110,,Samanea saman (Jacq.) Merr.,,https://heritagetrees.nparks.gov.sg/ht-2003-110/,103.84614599999121,1.3241617401929757
HT 2001-15,Red Mahogany,Khaya nyasica,Guillemard Road Open Space,https://heritagetrees.nparks.gov.sg/ht-2001-15/,103.89244016375616,1.3146806337341728
HT 2007-154,Durian Kampong,Durio zibethinus L.,"Pulau Ubin, in forested knoll off Jalan Batu Ubin behind cemetery grounds",https://heritagetrees.nparks.gov.sg/ht-2007-154/,103.96641380010833,1.4072977602861225
HT 2021-318,Penaga Laut,Calophyllum inophyllum L.,"East Coast Park Area F, Bedok Jetty",https://heritagetrees.nparks.gov.sg/ht-2021-318/,103.94097767480835,1.3082732206303382
HT 2018-299,Chinese Olive,Canarium vulgare Leenh.,"Singapore Botanic Gardens, Tyersall Learning Forest (Canarium Pond area)",https://heritagetrees.nparks.gov.sg/ht-2018-299/,103.8131551999966,1.310133689679882
HT 2003-40,Common Pulai,Alstonia angustiloba Miq.,,https://heritagetrees.nparks.gov.sg/ht-2003-40/,103.83392599999284,1.24821408002682
HT 2003-58,Tembusu,Cyrtophyllum fragrans (Roxb.) DC.,,https://heritagetrees.nparks.gov.sg/ht-2003-58/,103.81710690021133,1.2536813301152985
HT 2003-44,Red-Flowered Malayan Spindle Tree,Bhesa robusta (Roxb.) Ding Hou,,https://heritagetrees.nparks.gov.sg/ht-2003-44/,103.83514000035797,1.2475400000379668
HT 2003-62,Johor Fig,Ficus kerkhovenii Valeton,,https://heritagetrees.nparks.gov.sg/ht-2003-62/,103.82804129959679,1.2475218302278561
HT 2003-67,Johor Fig,Ficus kerkhovenii Valeton,,https://heritagetrees.nparks.gov.sg/ht-2003-67/,103.82701089958819,1.247516480428082
HT 2003-81,Seashore Mangosteen,Garcinia celebica L.,,https://heritagetrees.nparks.gov.sg/ht-2003-81/,103.82504000019247,1.2522800003769978
HT 2003-80,White Fig,Ficus vasculosa Wall. ex Miq.,,https://heritagetrees.nparks.gov.sg/ht-2003-80/,103.83597000004035,1.2483300002908932
HT 2003-94,Nyatoh Puteh,Palaquium obovatum var. obovatum (Griff.) Engl.,,https://heritagetrees.nparks.gov.sg/ht-2003-94/,103.81725590005857,1.255088910187319
HT 2003-95,Petai,Parkia speciosa Hassk.,,https://heritagetrees.nparks.gov.sg/ht-2003-95/,103.82248590024135,1.2521853102948333
HT 2003-100,Angsana,Pterocarpus indicus Willd.,,https://heritagetrees.nparks.gov.sg/ht-2003-100/,103.82466089993362,1.2504641198650523
HT 2003-93,Tanjong Tree,Mimusops elengi L.,,https://heritagetrees.nparks.gov.sg/ht-2003-93/,103.81797670001603,1.254371499807816
HT 2003-120,Broad-leafed Mahogany,Swietenia macrophylla King,,https://heritagetrees.nparks.gov.sg/ht-2003-120/,103.81760360038794,1.2544854303961912
HT 2003-121,Broad-leafed Mahogany,Swietenia macrophylla King,,https://heritagetrees.nparks.gov.sg/ht-2003-121/,103.81775719958655,1.254919340264453
HT 2003-129,Broad-leafed Mahogany,Swietenia macrophylla King,,https://heritagetrees.nparks.gov.sg/ht-2003-129/,103.81779519967661,1.2548538300936287
HT 2003-98,Angsana,Pterocarpus indicus Willd.,,https://heritagetrees.nparks.gov.sg/ht-2003-98/,103.8106467997373,1.257793049830093
HT 2003-126,Leban,Vitex pinnata,,https://heritagetrees.nparks.gov.sg/ht-2003-126/,103.81790619978959,1.2543430697694842
HT 2013-206,,Ficus stricta (Miq.) Miq.,"Pulau Ubin, roadside, right side of Jalan Noordin toward NPCC campsite, along fence",https://heritagetrees.nparks.gov.sg/ht-2013-206/,103.96690000017233,1.4165200002438063
HT 2003-87,Binjai,Mangifera caesia Jack,,https://heritagetrees.nparks.gov.sg/ht-2003-87/,103.84182399923675,1.3031076803399602
HT 2001-25,Jelawai Jaha,Terminalia subspathulata King,"Singapore Botanic Gardens, at Lower Ring Road and Liane Road junction",https://heritagetrees.nparks.gov.sg/ht-2001-25/,103.81624739993718,1.3111186401203883
HT 2015-245,Nemesu,Rubroshorea pauciflora (King) P.S.Ashton & J.Heck.,"Singapore Botanic Gardens, Rainforest",https://heritagetrees.nparks.gov.sg/ht-2015-245/,103.81689390008106,1.3110444097010443
HT 2019-307,Hazel Sterculia,Sterculia foetida L.,"Singapore Botanic Gardens, National Orchid Garden Nursery",https://heritagetrees.nparks.gov.sg/ht-2019-307/,103.8136430002101,1.3131524004359567
HT 2005-141,Petai Kerayong,Parkia timoriana (DC.) Merr.,,https://heritagetrees.nparks.gov.sg/ht-2005-141/,103.8153741274002,1.273088849119342
HT 2015-259,Pukul Lima,Samanea saman (Jacq.) Merr.,Connaught Drive,https://heritagetrees.nparks.gov.sg/ht-2015-259/,103.8531549781121,1.2895958530587948
HT 2015-255,Rain Tree,Samanea saman (Jacq.) Merr.,Connaught Drive,https://heritagetrees.nparks.gov.sg/ht-2015-255/,103.85342833040977,1.2901509798720874
HT 2015-257,Rain Tree,Samanea saman (Jacq.) Merr.,Connaught Drive,https://heritagetrees.nparks.gov.sg/ht-2015-257/,103.85325051703295,1.2897910675943385
HT 2015-258,Rain Tree,Samanea saman (Jacq.) Merr.,Connaught Drive,https://heritagetrees.nparks.gov.sg/ht-2015-258/,103.85319390708689,1.2896696046090552
HT 2015-256,Pukul Lima,Samanea saman (Jacq.) Merr.,Connaught Drive,https://heritagetrees.nparks.gov.sg/ht-2015-256/,103.85338749916318,1.2900714413105456
HT 2024-328,Common Pulai,Alstonia angustiloba Miq.,,https://heritagetrees.nparks.gov.sg/ht-2024-328/,103.78688410018778,1.3456004296414745
HT 2001-19,Saga,Adenanthera pavonina L.,"Singapore Botanic Gardens, near Lady on a Hammock sculpture",https://heritagetrees.nparks.gov.sg/ht-2001-19/,103.81705889994653,1.3098950401351286
HT 2003-113,Damar Hitam Gajah,Richetia gibbosa (Brandis) P.S.Ashton & J.Heck.,"Changi, Netheravon Road near Bus Stop B06",https://heritagetrees.nparks.gov.sg/ht-2003-113/,103.97972732517498,1.3909350840513908
HT 2001-03,Sena,Pterocarpus indicus Willd.,"Upper Serangoon Road, near Woodleigh Park",https://heritagetrees.nparks.gov.sg/ht-2001-03/,103.87007069967888,1.335220070176094
HT 2008-171,Kapok Tree,Ceiba pentandra (L.) Gaertn.,"Singapore Botanic Gardens, beside Holttum Hall",https://heritagetrees.nparks.gov.sg/ht-2008-171/,103.81744410029768,1.3084991502798224
HT 2015-235,Getah Terup,Artocarpus elasticus Reinw. ex Blume,"Fort Canning Park, near Raffles Terrace",https://heritagetrees.nparks.gov.sg/ht-2015-235/,103.84698641226147,1.2916594771952372
HT 2003-55,Tembusu Hutan,Cyrtophyllum fragrans (Roxb.) DC.,"Maida Vale, in front of House No. 13 (Seletar Aerospace Park)",https://heritagetrees.nparks.gov.sg/ht-2003-55/,103.87035400092667,1.4053109726839357
HT 2003-103,Angsana,Pterocarpus indicus Willd.,"Woodlands Road, in front of Woodlands Fire Station",https://heritagetrees.nparks.gov.sg/ht-2003-103/,103.76189009284826,1.430931755774275
HT 2001-08,Rain Tree,Samanea saman (Jacq.) Merr.,"Fort Canning Park, near Bond Terrace",https://heritagetrees.nparks.gov.sg/ht-2001-08/,103.84753221490122,1.2939860259547296
HT 2001-07,Madras Thorn,Pithecellobium dulce,"Fort Canning Park, along path beside Service Reservoir",https://heritagetrees.nparks.gov.sg/ht-2001-07/,103.84579715439655,1.293743666261668
HT 2001-11,Earpod Tree,Enterolobium cyclocarpum,"Fort Canning Park, along path behind the Fort Wall and The Legends",https://heritagetrees.nparks.gov.sg/ht-2001-11/,103.84504626310733,1.2951692653513922
HT 2001-17,Petai Kerayong,Parkia timoriana (DC.) Merr.,"Mount Faber, on slope near Marina Deck",https://heritagetrees.nparks.gov.sg/ht-2001-17/,103.82196780591838,1.2698287406029847
HT 2001-18,Bodhi Tree,Ficus religiosa L.,"Pearl's Hill City Park hilltop, near Service Reservoir gate",https://heritagetrees.nparks.gov.sg/ht-2001-18/,103.83928434498421,1.2846226285631308
HT 2008-168,Sea Fig,Ficus superba Miq.,"Junction of Bedok Rd and Upper Changi Rd junction, East Village Car-park (former Changi Complex)",https://heritagetrees.nparks.gov.sg/ht-2008-168/,103.94627320564597,1.3321201992419225
HT 2009-174,Burmese Banyan,Ficus kurzii King,"No. 162 Mount Pleasant Road, gateway",https://heritagetrees.nparks.gov.sg/ht-2009-174/,103.83098318992965,1.3324425126601718
HT 2012-186,Kungkur,Pseudalbizzia niopoides var. niopoides (Spruce ex Benth.) E.J.M.Koenen & Duno,Singapore Botanic Gardens Lawn E,https://heritagetrees.nparks.gov.sg/ht-2012-186/,103.81649429995709,1.3086444998704876
HT 2012-187,Common Pulai,Alstonia angustiloba Miq.,"Singapore Botanic Gardens, Burkill Drive Way",https://heritagetrees.nparks.gov.sg/ht-2012-187/,103.81358529982337,1.3115513001235672
HT 2010-183,Marsh Pulai,Alstonia pneumatophora Backer ex den Berger,"Singapore Botanic Gardens, Lawn H",https://heritagetrees.nparks.gov.sg/ht-2010-183/,103.81609369987719,1.30896733995506
HT 2001-22,Tulang Daing,Adinobotrys atropurpureus (Wall.) Dunn,"Singapore Botanic Gardens, behind Swan Lake",https://heritagetrees.nparks.gov.sg/ht-2001-22/,103.81567329980443,1.3074169402913582
HT 2012-191,Jamuju,Dacrycarpus imbricatus (Blume) de Laub.,"Singapore Botanic Gardens, Lawn H beside HT Alstonia pneumatophora",https://heritagetrees.nparks.gov.sg/ht-2012-191/,103.81603769993924,1.3089266702866167
HT 2012-192,Kapur,Dryobalanops aromatica C.F. Gaertn.,"Singapore Botanic Gardens, Lawn E",https://heritagetrees.nparks.gov.sg/ht-2012-192/,103.81680159976389,1.3079625602954876
HT 2012-194,Kapur,Dryobalanops aromatica C.F. Gaertn.,"Singapore Botanic Gardens, Lawn H",https://heritagetrees.nparks.gov.sg/ht-2012-194/,103.81606740001656,1.3092672904116023
HT 2001-26,Tembusu,Cyrtophyllum fragrans (Roxb.) DC.,"Singapore Botanic Gardens, at Lawn E",https://heritagetrees.nparks.gov.sg/ht-2001-26/,103.81679079989188,1.3085458401886083
HT 2005-138,Tahiti Chestnut,Inocarpus fagifer,"Singapore Botanic Gardens, behind Jacob Ballas Children's Garden Carpark",https://heritagetrees.nparks.gov.sg/ht-2005-138/,103.81729350010451,1.3203219004146434
HT 2011-185,Monkey Pot Tree,Lecythis pisonis Cambess,"Singapore Botanic Gardens, Lawn E.",https://heritagetrees.nparks.gov.sg/ht-2011-185/,103.81642760000959,1.3080818498234739
HT 2012-198,Nyatoh Puteh,Palaquium obovatum var. obovatum (Griff.) Engl.,"Singapore Botanic Gardens, behind Raffles Building",https://heritagetrees.nparks.gov.sg/ht-2012-198/,103.8177569004346,1.3165825500500226
HT 2012-201,Mountain Teak,Podocarpus neriifolius D. Don,"Singapore Botanic Gardens, Lawn B",https://heritagetrees.nparks.gov.sg/ht-2012-201/,103.81678700011673,1.3075574102352676
HT 2013-210,Mentulang Daun Lebar,Alangium ridleyi King,Singapore Botanic Gardens Lawn H,https://heritagetrees.nparks.gov.sg/ht-2013-210/,103.81533369980711,1.309339220195207
HT 2013-211,Chinese Laurel,Antidesma bunius,Singapore Botanic Gardens Lawn H,https://heritagetrees.nparks.gov.sg/ht-2013-211/,103.81564499999521,1.3096052195940322
HT 2013-213,Sausage Tree,Kigelia africana (Lam.) Benth.,"Singapore Botanic Gardens, Lawn H",https://heritagetrees.nparks.gov.sg/ht-2013-213/,103.81589410028127,1.3095745995620947
HT 2013-214,Monkey Pot Tree,Lecythis pisonis Cambess,"Singapore Botanic Gardens, Lawn H",https://heritagetrees.nparks.gov.sg/ht-2013-214/,103.81557509987493,1.3101505699950615
HT 2013-215,Monkey Pot Tree,Lecythis pisonis Cambess,"Singapore Botanic Gardens, Lawn H (with signboard)",https://heritagetrees.nparks.gov.sg/ht-2013-215/,103.81561530013687,1.310008800264483
HT 2013-218,Temak,Anthoshorea roxburghii (G.Don) P.S.Ashton & J.Heck.,"Singapore Botanic Gardens, Lawn B",https://heritagetrees.nparks.gov.sg/ht-2013-218/,103.81760839955957,1.307093739619004
HT 2013-219,Snake Tree,Stereospermum fimbriatum,"Singapore Botanic Gardens, Lawn B",https://heritagetrees.nparks.gov.sg/ht-2013-219/,103.81713489989806,1.3071212102862144
HT 2015-236,Kapok Tree,Ceiba pentandra (L.) Gaertn.,Fort Canning Park,https://heritagetrees.nparks.gov.sg/ht-2015-236/,103.84577389041614,1.2939673049455178
HT 2014-232,Kepayang,Pangium edule,"Singapore Botanic Gardens, Lawn H",https://heritagetrees.nparks.gov.sg/ht-2014-232/,103.8157571000797,1.3098797701331744
HT 2014-230,Cannon Ball Tree,Couroupita guianensis Aubl.,"Singapore Botanic Gardens, Ginger Gardens, behind waterfall",https://heritagetrees.nparks.gov.sg/ht-2014-230/,103.81541689956275,1.3110432202121434
HT 2014-229,Giant Cola,Cola gigantea A.Chev.,"Singapore Botanic Gardens, Orchid Plaza",https://heritagetrees.nparks.gov.sg/ht-2014-229/,103.81524200021961,1.311598999875466
HT 2003-88,Binjai,Mangifera caesia Jack,"Jalan Naung, behind House No. 70",https://heritagetrees.nparks.gov.sg/ht-2003-88/,103.89224975187625,1.369237696118561
HT 2015-240,Pauh Damar,Mangifera pentandra Hook.f.,"Singapore Botanic Gardens, Lawn F",https://heritagetrees.nparks.gov.sg/ht-2015-240/,103.81575689970828,1.3097500996095264
HT 2015-241,West Indian Mahogany,Swietenia mahagoni (L.) Jacq.,"Singapore Botanic Gardens, Lawn R",https://heritagetrees.nparks.gov.sg/ht-2015-241/,103.81480149980547,1.311504429931504
HT 2015-247,Bangkal,Nauclea orientalis,"Singapore Botanic Gardens, EG14",https://heritagetrees.nparks.gov.sg/ht-2015-247/,103.81544680032707,1.3199110701618602
HT 2015-272,Nutmeg,Myristica fragrans Houtt.,Singapore Botanic Gardens - LXJ - Central Core,https://heritagetrees.nparks.gov.sg/ht-2015-272/,103.81575680021513,1.318712410335613
HT 2003-71,,Ficus stricta (Miq.) Miq.,"Pulau Ubin, at granite outcrop near Police Post",https://heritagetrees.nparks.gov.sg/ht-2003-71/,103.97346839981404,1.403483790422677
HT 2007-158,Angsana,Pterocarpus indicus Willd.,"Junction of Canterbury Road and Berkshire Road, on sloping ground, Alexandra Park",https://heritagetrees.nparks.gov.sg/ht-2007-158/,103.79811559775197,1.280734403331559
HT 2003-49,Keruing Kerut,Dipterocarpus sublamellatus Foxw.,"Changi, Cranwell Road near junction with Loyang Avenue",https://heritagetrees.nparks.gov.sg/ht-2003-49/,103.98005838179861,1.3875396321630016
HT 2016-284,Sea Fig,Ficus superba Miq.,"Bedok Rise S/L, near fence; footpath",https://heritagetrees.nparks.gov.sg/ht-2016-284/,103.94616059858267,1.32583918573171
HT 2016-280,Kempas,Koompassia malaccensis Maing. ex Benth.,"Singapore Botanic Gardens, nr Botany Ctr, Lawn O",https://heritagetrees.nparks.gov.sg/ht-2016-280/,103.8174046997635,1.310508330053317
HT 2016-281,,Adina eurhyncha (Miq.) Å.Krüger & Löfstrand,"Singapore Botanic Gardens, Rainforest near NParks HQ",https://heritagetrees.nparks.gov.sg/ht-2016-281/,103.81593580023868,1.3142396999146628
HT 2023-326,Thai Bungor,Lagerstroemia loudonii Teijsm. & Binn.,,https://heritagetrees.nparks.gov.sg/ht-2023-326/,103.81541180029046,1.3081345798532182
HT 2017-291,Belinjau,Gnetum gnemon L.,,https://heritagetrees.nparks.gov.sg/ht-2017-291/,103.81569209959095,1.3191540002678532
HT 2020-312,Mango,Mangifera indica L.,Kranji Close/Kranji Road State Land (opposite junction),https://heritagetrees.nparks.gov.sg/ht-2020-312/,103.75648119221043,1.4295435101621403
HT 2023-323,,Adenanthera malayana subsp. malayana Kosterm.,,https://heritagetrees.nparks.gov.sg/ht-2023-323/,103.81034599961141,1.3142434799015315
HT 2013-216,Nyatoh Puteh,Palaquium obovatum var. obovatum (Griff.) Engl.,"Singapore Botanic Gardens, along Evolution Garden Walk",https://heritagetrees.nparks.gov.sg/ht-2013-216/,103.8162205997852,1.31693305989331
HT 2003-65,,Ficus kerkhovenii Valeton,,https://heritagetrees.nparks.gov.sg/ht-2003-65/,103.97585110019298,1.391298060319167
HT 2018-298,Brazilian Ironwood,Libidibia ferrea (Mart. ex Tul.) L. P. Queiroz,Mount Emily Park,https://heritagetrees.nparks.gov.sg/ht-2018-298/,103.8480095921025,1.3043065725825542
HT 2016-274,Mango,Mangifera indica L.,Chay Yan St State Land,https://heritagetrees.nparks.gov.sg/ht-2016-274/,103.83120733190509,1.282572602160149
HT 2001-14,East African Mahogany,Khaya nyasica,Guillemard Road Open Space,https://heritagetrees.nparks.gov.sg/ht-2001-14/,103.89246122929704,1.3147544935618207
HT 2017-288,Big-leaved Podocarp,Podocarpus polystachyus R.Br. ex Endl.,"Sembawang Park, next to Beaulieu House",https://heritagetrees.nparks.gov.sg/ht-2017-288/,103.83715993176315,1.4633137683155377
HT 2003-109,Pukul Lima,Samanea saman (Jacq.) Merr.,"Holland Road, near junction with Belmont Road",https://heritagetrees.nparks.gov.sg/ht-2003-109/,103.79872869967481,1.3128434901022534
HT 2003-97,African Butter Tree,Pentadesma butyracea Sabine,"Singapore Botanic Gardens, behind Block 5",https://heritagetrees.nparks.gov.sg/ht-2003-97/,103.81706130015168,1.317090599549109
HT 2012-189,Putat Laut,Barringtonia asiatica (L.) Kurtz,"Singapore Botanic Gardens, Healing Garden",https://heritagetrees.nparks.gov.sg/ht-2012-189/,103.81705560043899,1.3175373303219815
HT 2011-184,Burmese Banyan,Ficus kurzii King,"Singapore Botanic Gardens, Lawn A. Next to Swan Lake",https://heritagetrees.nparks.gov.sg/ht-2011-184/,103.81635460031676,1.3069924497909124
HT 2013-212,Senegal Mahogany,Khaya senegalensis (Desr.) A. Juss.,"Singapore Botanic Gardens, Lawn B",https://heritagetrees.nparks.gov.sg/ht-2013-212/,103.81677920028487,1.3070755402470784
HT 2019-301,Ordeal Tree,Erythrophleum suaveolens (Guill. & Perr.) Brenan,"Singapore Botanic Gardens, National Orchid Garden Nursery",https://heritagetrees.nparks.gov.sg/ht-2019-301/,103.81393359974565,1.3136705901035368
HT 2015-269,Pukul Lima,Samanea saman (Jacq.) Merr.,Connaught Drive,https://heritagetrees.nparks.gov.sg/ht-2015-269/,103.85432769224167,1.2915723717752294
HT 2015-249,Pukul Lima,Samanea saman (Jacq.) Merr.,Connaught Drive,https://heritagetrees.nparks.gov.sg/ht-2015-249/,103.85406450670013,1.291473972728086
HT 2015-248,Pukul Lima,Samanea saman (Jacq.) Merr.,Connaught Drive,https://heritagetrees.nparks.gov.sg/ht-2015-248/,103.85412116137323,1.291560693612186
HT 2007-160,Pukul Lima,Samanea saman (Jacq.) Merr.,"Upper Bukit Timah Road, in open space opposite Gombak Drive. UppBTRd junction with Cashew Rd.",https://heritagetrees.nparks.gov.sg/ht-2007-160/,103.76382006958686,1.3707913775917666
HT 2016-283,Baobab,Adansonia digitata L.,"Singapore Botanic Gardens, Melati Gate, near Cluny Pk Rd",https://heritagetrees.nparks.gov.sg/ht-2016-283/,103.81453949958788,1.3209183700490335
HT 2012-195,Johor Fig,Ficus kerkhovenii Valeton,"Singapore Botanic Gardens Jungle, tag #8",https://heritagetrees.nparks.gov.sg/ht-2012-195/,103.81586790012096,1.312857259579222
HT 2001-01,Kapok Tree,Ceiba pentandra (L.) Gaertn.,"Braddell Road, at Toa Payoh North Flyover Traffic Island",https://heritagetrees.nparks.gov.sg/ht-2001-01/,103.85344317037101,1.3438074139723812
HT 2003-108,Rain Tree,Samanea saman (Jacq.) Merr.,Istana Ground,https://heritagetrees.nparks.gov.sg/ht-2003-108/,103.8458656808637,1.306680819331104
HT 2015-261,Pukul Lima,Samanea saman (Jacq.) Merr.,Connaught Drive,https://heritagetrees.nparks.gov.sg/ht-2015-261/,103.8530130019529,1.2893169797082418
HT 2015-264,Pukul Lima,Samanea saman (Jacq.) Merr.,Connaught Drive,https://heritagetrees.nparks.gov.sg/ht-2015-264/,103.85338311363188,1.2896440964108689
HT 2015-253,Rain Tree,Samanea saman (Jacq.) Merr.,Connaught Drive,https://heritagetrees.nparks.gov.sg/ht-2015-253/,103.85392754606916,1.2912041973050397
HT 2015-266,Pukul Lima,Samanea saman (Jacq.) Merr.,Connaught Drive,https://heritagetrees.nparks.gov.sg/ht-2015-266/,103.85380394428007,1.29050897509666
HT 2015-265,Pukul Lima,Samanea saman (Jacq.) Merr.,Connaught Drive,https://heritagetrees.nparks.gov.sg/ht-2015-265/,103.85359241428488,1.2900772366554922
HT 2015-263,Pukul Lima,Samanea saman (Jacq.) Merr.,Connaught Drive,https://heritagetrees.nparks.gov.sg/ht-2015-263/,103.85335767096623,1.289584161642601
HT 2015-254,Pukul Lima,Samanea saman (Jacq.) Merr.,Connaught Drive,https://heritagetrees.nparks.gov.sg/ht-2015-254/,103.85388275578438,1.2911208966273502
HT 2015-251,Pukul Lima,Samanea saman (Jacq.) Merr.,Connaught Drive,https://heritagetrees.nparks.gov.sg/ht-2015-251/,103.85397098857258,1.291291034059244
HT 2015-252,Pukul Lima,Samanea saman (Jacq.) Merr.,Connaught Drive,https://heritagetrees.nparks.gov.sg/ht-2015-252/,103.85395127599556,1.2912457174041252
HT 2015-250,Pukul Lima,Samanea saman (Jacq.) Merr.,Connaught Drive,https://heritagetrees.nparks.gov.sg/ht-2015-250/,103.85399733255352,1.2913566536498384
HT 2018-297,Mata Kuching,Dimocarpus longan Lour.,"Sembawang Pk, near Shelter J, off Toilet 2 & Fitness Corner",https://heritagetrees.nparks.gov.sg/ht-2018-297/,103.83656467376572,1.4604727518149716
HT 2012-197,Pianggu,Horsfieldia irya (Gaertn.) Warb.,"Singapore Botanic Gardens, Lawn XG",https://heritagetrees.nparks.gov.sg/ht-2012-197/,103.81691029985893,1.3160813900092883
HT 2013-208,Red Dhup,Parishia insignis,"Hindhede Nature Park, Bt Timah Nature Reserve, along South View Path",https://heritagetrees.nparks.gov.sg/ht-2013-208/,103.77748327234397,1.348692260032782
HT 2003-102,Sena,Pterocarpus indicus Willd.,"Jalan Rumbia, near junction with Oxley Rise",https://heritagetrees.nparks.gov.sg/ht-2003-102/,103.84304649559611,1.296556157100335
HT 2003-64,Johor Fig,Ficus kerkhovenii Valeton,"Pulau Ubin, within National Police Cadet Corps camp site",https://heritagetrees.nparks.gov.sg/ht-2003-64/,103.97277530027073,1.418449980282852
HT 2003-36,Pulai,Alstonia angustiloba Miq.,"Royal Road end, on slope behind House No. 7, (MSS Alexandra Park)",https://heritagetrees.nparks.gov.sg/ht-2003-36/,103.79756740916781,1.2812806320081715
HT 2020-316,Ketapang,Terminalia catappa L.,Pasir Panjang Food Centre (near PPJ MRT Station),https://heritagetrees.nparks.gov.sg/ht-2020-316/,103.79237403094169,1.275251356704212
HT 2017-289,Cannon Ball Tree,Couroupita guianensis Aubl.,Tanglin Rd; 2nd Tree from gate of Hse. No. 249,https://heritagetrees.nparks.gov.sg/ht-2017-289/,103.8219069197965,1.303671473165767
HT 2018-295,Asam,Tamarindus indica L.,"Istana, near Nursery car-park",https://heritagetrees.nparks.gov.sg/ht-2018-295/,103.84178159957563,1.3058120178017805
HT 2015-239,Jelutong,Dyera costulata (Miq.) Hook.f.,"Singapore Botanic Gardens, Lawn S",https://heritagetrees.nparks.gov.sg/ht-2015-239/,103.81588080040483,1.3110695396172525
HT 2001-27,Rain Tree,Samanea saman (Jacq.) Merr.,"Singapore Botanic Gardens, outside Visitor Centre pick-up/drop-off point",https://heritagetrees.nparks.gov.sg/ht-2001-27/,103.816566899782,1.315148000188832
HT 2020-308,Kapok Tree,Ceiba pentandra (L.) Gaertn.,"Jalan Kilang Barat, near Block 1001 Bukit Merah Lane 3 (Railway Corridor)",https://heritagetrees.nparks.gov.sg/ht-2020-308/,103.80714992958744,1.284178249409938
HT 2003-52,,Erythroxylum cuneatum (Miq.) Kurz,,https://heritagetrees.nparks.gov.sg/ht-2003-52/,103.97744309984898,1.3908168998009742
HT 2014-223,Terap,Artocarpus elasticus Reinw. ex Blume,"Fort Canning Park, Fort Green, near Canning Rise L/P 11F",https://heritagetrees.nparks.gov.sg/ht-2014-223/,103.8480785846454,1.296002813316199
HT 2018-293,Yellow Cow Wood,Cratoxylum cochinchinense (Lour.) Blume,"Telok Blangah Green, near Shelter, Meeting Point 1, Carpark 2",https://heritagetrees.nparks.gov.sg/ht-2018-293/,103.81306900058475,1.277959042311371
HT 2017-286,Broad-leafed Mahogany,Swietenia macrophylla King,"Seletar Aerospace Drive, after Bus-stop No. 5",https://heritagetrees.nparks.gov.sg/ht-2017-286/,103.86675572322763,1.4063575209610666
HT 2003-119,American Mahogany,Swietenia macrophylla King,"Seletar Airbase, Aerospace Drive near Lamp post 64, Seletar Aerospace Park",https://heritagetrees.nparks.gov.sg/ht-2003-119/,103.86708262108934,1.406370936987326
HT 2003-118,American Mahogany,Swietenia macrophylla King,"Seletar Airbase, Aerospace Drive near Lamp post 62, Seletar Aerospace Park",https://heritagetrees.nparks.gov.sg/ht-2003-118/,103.86654634967593,1.4061113154307374
HT 2017-287,Brazilian Ironwood,Libidibia ferrea (Mart. ex Tul.) L. P. Queiroz,Esplanade Park,https://heritagetrees.nparks.gov.sg/ht-2017-287/,103.85363624162116,1.2897469496113265
HT 2016-282,Hazel Sterculia,Sterculia foetida L.,"Singapore Botanic Gardens, outside Plant Resource Ctr",https://heritagetrees.nparks.gov.sg/ht-2016-282/,103.81699189955621,1.3219262304086778
HT 2005-144,Pukul Lima,Samanea saman (Jacq.) Merr.,"Jalan Hang Jebat, in front of Block 109",https://heritagetrees.nparks.gov.sg/ht-2005-144/,103.79661351970113,1.2904230412187792
HT 2019-302,Stem-fruited Fig,Ficus caulocarpa (Miq.) Miq.,"No 3 Winchester Road (off), near Pasir Panjang Nursery fence",https://heritagetrees.nparks.gov.sg/ht-2019-302/,103.79528438988575,1.2833970927282228
HT 2003-111,Pukul Lima,Samanea saman (Jacq.) Merr.,"Kim Yam Road Stateland, beside Gambier Court condominium",https://heritagetrees.nparks.gov.sg/ht-2003-111/,103.84011152308007,1.2926327508070485
HT 2007-156,Sacred Fig Tree,Ficus religiosa L.,"Canterbury Road, on Stateland near Lamp Post 14",https://heritagetrees.nparks.gov.sg/ht-2007-156/,103.79668403211757,1.281647494900987
HT 2013-207,,Ficus stricta (Miq.) Miq.,"Pulau Ubin, forest, left side of Jalan Noordin toward NPCC campsite, along fence",https://heritagetrees.nparks.gov.sg/ht-2013-207/,103.96736999984022,1.4153600000614048
HT 2020-317,Derum,Cratoxylum maingayi Dyer,"Bukit Timah Nature Reserve, Quarry Road near SingTel Tower",https://heritagetrees.nparks.gov.sg/ht-2020-317/,103.77648892589053,1.3519550944072847
HT 2001-16,East African Mahogany,Khaya nyasica,Guillemard Road Open Space,https://heritagetrees.nparks.gov.sg/ht-2001-16/,103.89238041297433,1.314722330868897
HT 2003-128,,Syzygium syzygioides (Miq.) Merr. & L.M. Perry,,https://heritagetrees.nparks.gov.sg/ht-2003-128/,103.97595809966046,1.3904861299863829
HT 2019-305,Orange Jasmine,Murraya paniculata (L.) Jack,,https://heritagetrees.nparks.gov.sg/ht-2019-305/,103.9742299999966,1.3898800002775409
HT 2013-204,Banyan Tree,Ficus benghalensis L.,Within Tiong Bahru Park,https://heritagetrees.nparks.gov.sg/ht-2013-204/,103.82437943735394,1.2879801331864
HT 2014-222,Red-leaved Pulai,Alstonia angustifolia Miq.,"Mount Faber, along Marang trail",https://heritagetrees.nparks.gov.sg/ht-2014-222/,103.82117883600297,1.268108704391851
HT 2003-57,Tembusu Hutan,Cyrtophyllum fragrans (Roxb.) DC.,"Lagos Circle, in front of House No. 208",https://heritagetrees.nparks.gov.sg/ht-2003-57/,103.82884008144461,1.454181023333258
HT 2003-60,Tembusu Hutan,Cyrtophyllum fragrans (Roxb.) DC.,"Lagos Circle, in front of House No. 206",https://heritagetrees.nparks.gov.sg/ht-2003-60/,103.82942280917617,1.4546897985994445
HT 2003-78,Sea Fig,Ficus superba Miq.,"At Bedok Food Centre Car Park, opposite Eastwood Centre",https://heritagetrees.nparks.gov.sg/ht-2003-78/,103.95522098393575,1.3208864496201063
HT 2014-227,Bacang,Mangifera foetida Lour.,"Canning Rise, opposite lamp-post 7",https://heritagetrees.nparks.gov.sg/ht-2014-227/,103.8483399999373,1.2949700000340458
HT 2020-309,Pink Mempat,Cratoxylum formosum (Jack) Dyer,Nim Crescent Open Space,https://heritagetrees.nparks.gov.sg/ht-2020-309/,103.8666939629827,1.382638826559664
HT 2012-196,Mengkulang,Heritiera elata Ridl.,"Singapore Botanic Gardens, Lawn O, near HT Kapok Tree",https://heritagetrees.nparks.gov.sg/ht-2012-196/,103.81672839967513,1.3109503402049414
HT 2012-193,Kapur,Dryobalanops aromatica C.F. Gaertn.,"Singapore Botanic Gardens, Lawn O, near HT Kapok Tree",https://heritagetrees.nparks.gov.sg/ht-2012-193/,103.81646050024032,1.310784299759689
HT 2001-28,Asam,Tamarindus indica L.,Surin Avenue Park,https://heritagetrees.nparks.gov.sg/ht-2001-28/,103.88428166755665,1.3556687610351703
HT 2007-173,Indian Pulai,Alstonia scholaris (L.) R. Br.,"Temenggong Road, on Stateland opposite House No. 22 (gated, Year 2013) - walking access to HT via Marang Road.",https://heritagetrees.nparks.gov.sg/ht-2007-173/,103.82214429588718,1.267567273578191
HT 2005-137,Johor Fig,Ficus kerkhovenii Valeton,"Changi, Andover Road near Fairy Point Chalet 7",https://heritagetrees.nparks.gov.sg/ht-2005-137/,103.97432647134252,1.3905064230020479
HT 2018-296,Orange Jasmine,Murraya paniculata (L.) Jack,,https://heritagetrees.nparks.gov.sg/ht-2018-296/,103.97424999987068,1.3898999999331978
HT 2001-31,Sea Beam,Maranthes corymbosa Blume,"Canning Rise, near pedestrian underpass",https://heritagetrees.nparks.gov.sg/ht-2001-31/,103.84829080892773,1.2947720610965996
HT 2014-221,Stem-fruited Fig,Ficus caulocarpa (Miq.) Miq.,"Changi, Hendon Road, opposite No. 35",https://heritagetrees.nparks.gov.sg/ht-2014-221/,103.98004872700689,1.3886393449876804
HT 2024-329,Indian Rubber Tree,Ficus elastica Roxb. ex Hornem.,,https://heritagetrees.nparks.gov.sg/ht-2024-329/,103.82760499860846,1.2769594412469898
HT 2003-89,Binjai,Mangifera caesia Jack,"Spottiswoode Park Road, opposite Spottiswoode Apartments",https://heritagetrees.nparks.gov.sg/ht-2003-89/,103.83700226868183,1.27481843421579
HT 2003-90,Horse Mango,Mangifera foetida Lour.,"MacRitchie Reservoir Park, near Public Utilities Board office",https://heritagetrees.nparks.gov.sg/ht-2003-90/,103.8329272157259,1.3413415168370912
HT 2008-167,Silk Cotton Tree,Ceiba pentandra (L.) Gaertn.,"Upper Seletar Reservoir Park, near golf course",https://heritagetrees.nparks.gov.sg/ht-2008-167/,103.80766321026168,1.4014158495972557
HT 2010-176,Ordeal Tree,Erythrophleum suaveolens (Guill. & Perr.) Brenan,"Upper Seletar Reservoir Park, on slope behind carpark along Mandai Rd.",https://heritagetrees.nparks.gov.sg/ht-2010-176/,103.80811322068082,1.4053990034082708
HT 2016-279,Terap,Artocarpus elasticus Reinw. ex Blume,"Fort Canning Pk, beh. Blk 2, R Val Rd",https://heritagetrees.nparks.gov.sg/ht-2016-279/,103.84586885324967,1.292569592352833
HT 2001-04,Madras Thorn,Pithecellobium dulce,"Fort Canning Park, along path beside Service Reservoir",https://heritagetrees.nparks.gov.sg/ht-2001-04/,103.84642827411574,1.2929333431343606
HT 2003-115,,Sindora × changiensis,,https://heritagetrees.nparks.gov.sg/ht-2003-115/,103.97697319986158,1.388900490313526
HT 2015-267,Pukul Lima,Samanea saman (Jacq.) Merr.,Connaught Drive,https://heritagetrees.nparks.gov.sg/ht-2015-267/,103.85402657711904,1.2909888952705129
HT 2019-304,Tanjong Tree,Mimusops elengi L.,"Block 137 Lor Ah Soo, Hougang Ave 1",https://heritagetrees.nparks.gov.sg/ht-2019-304/,103.88630684876392,1.3486857798624314
HT 2022-321,Derum,Cratoxylum formosum (Jack) Dyer,,https://heritagetrees.nparks.gov.sg/ht-2022-321/,103.91282457158118,1.3006403949865522
HT 2014-231,West Indian Locust Tree,Hymenaea courbaril,"Singapore Botanic Gardens, Corner House Lawn",https://heritagetrees.nparks.gov.sg/ht-2014-231/,103.81567650012128,1.315538939995316
HT 2014-228,Pukul Lima,Samanea saman (Jacq.) Merr.,"Fort Canning Park, Parit Singapura",https://heritagetrees.nparks.gov.sg/ht-2014-228/,103.84804816541875,1.2919602195653095
HT 2001-06,Manila Tamarind,Pithecellobium dulce,"Fort Canning Park, along path beside Service Reservoir",https://heritagetrees.nparks.gov.sg/ht-2001-06/,103.84626139932594,1.2932544604323457
HT 2001-05,Manila Tamarind,Pithecellobium dulce,"Fort Canning Park, along path beside Service Reservoir",https://heritagetrees.nparks.gov.sg/ht-2001-05/,103.84603229022983,1.2933350802945092
HT 2022-322,,Terminalia subspathulata King,,https://heritagetrees.nparks.gov.sg/ht-2022-322/,103.73325399998183,1.438678000286811
HT 2010-1003,Brown Woolly Fig,Ficus drupacea Thunb.,,https://heritagetrees.nparks.gov.sg/ht-2010-1003/,103.78160000031146,1.307439999816765
HT 2001-20,Penaga Laut,Calophyllum inophyllum L.,"Singapore Botanic Gardens, near Botany Centre Auditorium",https://heritagetrees.nparks.gov.sg/ht-2001-20/,103.81815959991047,1.3081631796300468
HT 2015-270,Rain Tree,Samanea saman (Jacq.) Merr.,"Singapore Botanic Gardens, Lawn G",https://heritagetrees.nparks.gov.sg/ht-2015-270/,103.8150393999905,1.3099719604220743
HT 2021-319,Mango,Mangifera indica L.,,https://heritagetrees.nparks.gov.sg/ht-2021-319/,103.84731273986614,1.3046746693039544
HT 2019-306,Yellow Flame,Peltophorum pterocarpum (DC.) Backer ex K.Heyne,"Mount Emily Park, near Upp Wilkie Rd round-about",https://heritagetrees.nparks.gov.sg/ht-2019-306/,103.84825061232524,1.3040688019091833
HT 2001-02,Litchee,Litchi chinensis Sonn.,"Mount Rosie Road, opposite House No. 11J",https://heritagetrees.nparks.gov.sg/ht-2001-02/,103.83599905723986,1.3225870652421285
HT 2008-166,Kapok Tree,Ceiba pentandra (L.) Gaertn.,"Upper Seletar Reservoir Park, behind toilet blocks (near Rocket Tower)",https://heritagetrees.nparks.gov.sg/ht-2008-166/,103.8068687496782,1.4001186997256474
HT 2008-170,Tamarind,Tamarindus indica L.,"Fullerton Road, entrance to The Fullerton Waterboat House garden",https://heritagetrees.nparks.gov.sg/ht-2008-170/,103.85336081591484,1.2871746542607767
HT 2003-53,Mindanao Gum,Eucalyptus deglupta,Katong Park,https://heritagetrees.nparks.gov.sg/ht-2003-53/,103.88686015767715,1.296959135655864
HT 2023-01001,Trumpet Tree,Tabebuia rosea (Bertol.) DC.,,https://heritagetrees.nparks.gov.sg/ht-2023-01001/,103.78209250983414,1.332917393663147
HT 2023-01000,Chinese Juniper,Juniperus chinensis,,https://heritagetrees.nparks.gov.sg/ht-2023-01000/,103.83976707220337,1.3893245304153972
HT 2001-30,Merbatu,Maranthes corymbosa Blume,,https://heritagetrees.nparks.gov.sg/ht-2001-30/,103.8484723000952,1.295197799693447
HT 2003-39,Common Pulai,Alstonia angustiloba Miq.,,https://heritagetrees.nparks.gov.sg/ht-2003-39/,103.84426739977656,1.2218773596542036
HT 2003-46,Penaga Laut,Calophyllum inophyllum L.,,https://heritagetrees.nparks.gov.sg/ht-2003-46/,103.79387330044591,1.2796702303281473
HT 2003-54,Tembusu,Cyrtophyllum fragrans (Roxb.) DC.,,https://heritagetrees.nparks.gov.sg/ht-2003-54/,103.83052800034883,1.45517428955103
HT 2003-59,Tembusu,Cyrtophyllum fragrans (Roxb.) DC.,,https://heritagetrees.nparks.gov.sg/ht-2003-59/,103.84549179975795,1.2206777300251574
HT 2003-69,Bodhi Tree,Ficus religiosa L.,,https://heritagetrees.nparks.gov.sg/ht-2003-69/,103.8414308001491,1.2781683998536078
HT 2003-74,Sea Fig,Ficus superba Miq.,,https://heritagetrees.nparks.gov.sg/ht-2003-74/,103.84859039981556,1.219776789913277
HT 2003-75,Sea Fig,Ficus superba Miq.,,https://heritagetrees.nparks.gov.sg/ht-2003-75/,103.84763800036964,1.2186516697396441
HT 2003-76,Sea Fig,Ficus superba Miq.,,https://heritagetrees.nparks.gov.sg/ht-2003-76/,103.84524270008635,1.221089459744154
HT 2003-77,Sea Fig,Ficus superba Miq.,,https://heritagetrees.nparks.gov.sg/ht-2003-77/,103.84548329970212,1.2212609299450325
