OBJECTID,SUBZONE_NO,SUBZONE_N,SUBZONE_C,CA_IND,PLN_AREA_N,PLN_AREA_C,REGION_N,REGION_C,INC_CRC,FMEL_UPD_D,SHAPE.AREA,SHAPE.LEN,area_sq_km,heritage_tree_count,heritage_trees_per_sq_km,hdb_building_count,heritage_trees_per_100_hdb_buildings,tree_proxy_warning
676,12,DEPOT ROAD,BMSZ12,N,BUKIT MERAH,BM,CENTRAL REGION,CR,C22DED671DE2A940,20191223152313,442297.50955582,4281.6672891471,0.4453,0,0.0,26,0.0,"Counts use NParks Heritage Trees as a legal point proxy, not all Singapore trees."
677,2,BUKIT MERAH,BMSZ02,N,BUKIT MERAH,BM,CENTRAL REGION,CR,085EF219A5A1AEAD,20191223152313,411722.83024252,3074.96323445995,0.4145,0,0.0,14,0.0,"Counts use NParks Heritage Trees as a legal point proxy, not all Singapore trees."
678,3,CHINATOWN,OTSZ03,Y,OUTRAM,OT,CENTRAL REGION,CR,EF2B9A91AF49E025,20191223152313,587222.67934411,4297.59989784309,0.5912,2,3.383,24,8.333,"Counts use NParks Heritage Trees as a legal point proxy, not all Singapore trees."
679,4,PHILLIP,DTSZ04,Y,DOWNTOWN CORE,DT,CENTRAL REGION,CR,615D4EDDEF809F8E,20191223152313,39437.93527025,871.554887795858,0.0397,0,0.0,0,,"Counts use NParks Heritage Trees as a legal point proxy, not all Singapore trees."
680,5,RAFFLES PLACE,DTSZ05,Y,DOWNTOWN CORE,DT,CENTRAL REGION,CR,72107B11807074F4,20191223152313,188767.489705965,1872.75216119823,0.19,0,0.0,0,,"Counts use NParks Heritage Trees as a legal point proxy, not all Singapore trees."
681,4,CHINA SQUARE,OTSZ04,Y,OUTRAM,OT,CENTRAL REGION,CR,B609DF5587626C8F,20191223152313,133006.9360119,1605.27969733802,0.1339,0,0.0,8,0.0,"Counts use NParks Heritage Trees as a legal point proxy, not all Singapore trees."
682,10,TIONG BAHRU,BMSZ10,N,BUKIT MERAH,BM,CENTRAL REGION,CR,A0FB4B68155D164A,20191223152313,448127.584441035,3303.21489952047,0.4511,1,2.217,96,1.042,"Counts use NParks Heritage Trees as a legal point proxy, not all Singapore trees."
683,12,BAYFRONT SUBZONE,DTSZ12,Y,DOWNTOWN CORE,DT,CENTRAL REGION,CR,197F5E664DA4D5E1,20191223152313,521200.52237653,2897.12642569071,0.5247,0,0.0,0,,"Counts use NParks Heritage Trees as a legal point proxy, not all Singapore trees."
684,4,TIONG BAHRU STATION,BMSZ04,N,BUKIT MERAH,BM,CENTRAL REGION,CR,91FFE927ABE3E4DB,20191223152313,350787.561421155,2506.68791910126,0.3532,0,0.0,47,0.0,"Counts use NParks Heritage Trees as a legal point proxy, not all Singapore trees."
685,6,CLIFFORD PIER,DTSZ06,Y,DOWNTOWN CORE,DT,CENTRAL REGION,CR,945CC212CA80626F,20191223152313,261843.89681611,2405.99092471241,0.2636,1,3.794,0,,"Counts use NParks Heritage Trees as a legal point proxy, not all Singapore trees."
686,1,MARINA SOUTH,MSSZ01,Y,MARINA SOUTH,MS,CENTRAL REGION,CR,67FE75A3AEF0E9CF,20191223152313,1630379.62789868,5267.05755898266,1.6414,0,0.0,0,,"Counts use NParks Heritage Trees as a legal point proxy, not all Singapore trees."
641,13,NICOLL,DTSZ13,Y,DOWNTOWN CORE,DT,CENTRAL REGION,CR,94E36ACCD57D0F01,20210910170416,614923.60017392,3613.26349408123,0.6191,0,0.0,0,,"Counts use NParks Heritage Trees as a legal point proxy, not all Singapore trees."
642,1,MARINA EAST,MESZ01,Y,MARINA EAST,ME,CENTRAL REGION,CR,4FB7E5B1B9455DE0,20191223152313,1844041.73808314,6470.94946823041,1.8565,0,0.0,0,,"Counts use NParks Heritage Trees as a legal point proxy, not all Singapore trees."
643,5,INSTITUTION HILL,RVSZ05,Y,RIVER VALLEY,RV,CENTRAL REGION,CR,C3C22D1EE31757BD,20191223152313,392563.339760415,2842.52550487629,0.3952,1,2.53,0,,"Counts use NParks Heritage Trees as a legal point proxy, not all Singapore trees."
644,1,ROBERTSON QUAY,SRSZ01,Y,SINGAPORE RIVER,SR,CENTRAL REGION,CR,87306ABAF4B67E2E,20191223152313,506588.959066285,4995.7579035481,0.51,0,0.0,0,,"Counts use NParks Heritage Trees as a legal point proxy, not all Singapore trees."
645,1,JURONG ISLAND AND BUKOM,WISZ01,N,WESTERN ISLANDS,WI,WEST REGION,WR,C87E378D3456FC35,20191223152313,36639387.1213671,67154.6997538746,36.8862,0,0.0,0,,"Counts use NParks Heritage Trees as a legal point proxy, not all Singapore trees."
646,2,FORT CANNING,MUSZ02,Y,MUSEUM,MU,CENTRAL REGION,CR,8E8F2616FFA9E019,20191223152313,388733.20297163,2630.43318811403,0.3914,15,38.324,0,,"Counts use NParks Heritage Trees as a legal point proxy, not all Singapore trees."
647,1,PEARL'S HILL,OTSZ01,Y,OUTRAM,OT,CENTRAL REGION,CR,ED2536F8ABCA2B36,20191223152313,561608.55967757,3521.96691981115,0.5654,1,1.769,21,4.762,"Counts use NParks Heritage Trees as a legal point proxy, not all Singapore trees."
648,3,BOAT QUAY,SRSZ03,Y,SINGAPORE RIVER,SR,CENTRAL REGION,CR,C35FEFF02B13E0E5,20191223152313,160807.497729235,1740.92576615503,0.1619,0,0.0,0,,"Counts use NParks Heritage Trees as a legal point proxy, not all Singapore trees."
649,8,HENDERSON HILL,BMSZ08,N,BUKIT MERAH,BM,CENTRAL REGION,CR,003CF156995CD34B,20191223152313,595246.72253225,3314.38768367395,0.5993,2,3.337,36,5.556,"Counts use NParks Heritage Trees as a legal point proxy, not all Singapore trees."
650,3,REDHILL,BMSZ03,N,BUKIT MERAH,BM,CENTRAL REGION,CR,C6B514E777179822,20191223152313,387611.59573991,2825.25475237324,0.3902,0,0.0,32,0.0,"Counts use NParks Heritage Trees as a legal point proxy, not all Singapore trees."
651,7,ALEXANDRA HILL,BMSZ07,N,BUKIT MERAH,BM,CENTRAL REGION,CR,9D286521EF5E3B59,20191223152313,1030378.78602971,4428.91343557513,1.0373,1,0.964,54,1.852,"Counts use NParks Heritage Trees as a legal point proxy, not all Singapore trees."
652,9,BUKIT HO SWEE,BMSZ09,N,BUKIT MERAH,BM,CENTRAL REGION,CR,203F8FCDF99869D8,20191223152313,551732.0530243,3275.31248637977,0.5555,0,0.0,58,0.0,"Counts use NParks Heritage Trees as a legal point proxy, not all Singapore trees."
653,2,CLARKE QUAY,SRSZ02,Y,SINGAPORE RIVER,SR,CENTRAL REGION,CR,E9518B8F24162258,20191223152313,290184.653959555,2208.61929915161,0.2921,0,0.0,0,,"Counts use NParks Heritage Trees as a legal point proxy, not all Singapore trees."
654,13,PASIR PANJANG 1,QTSZ13,N,QUEENSTOWN,QT,CENTRAL REGION,CR,1F721290C421BFAB,20191223152313,1084792.32058662,6571.32308201611,1.0921,0,0.0,0,,"Counts use NParks Heritage Trees as a legal point proxy, not all Singapore trees."
655,7,QUEENSWAY,QTSZ07,N,QUEENSTOWN,QT,CENTRAL REGION,CR,E808AF663CFB9897,20191223152313,628893.466899605,3447.21856256781,0.6331,1,1.58,0,,"Counts use NParks Heritage Trees as a legal point proxy, not all Singapore trees."
656,5,MARINA EAST (MP),MPSZ05,N,MARINE PARADE,MP,CENTRAL REGION,CR,B53EBCDBCF99A0B9,20191223152313,1590339.85463103,6657.10846748058,1.6011,0,0.0,0,,"Counts use NParks Heritage Trees as a legal point proxy, not all Singapore trees."
657,3,SUDONG,WISZ03,N,WESTERN ISLANDS,WI,WEST REGION,WR,F718C723E08FBD51,20191223152313,4207271.09352996,24759.0657972973,4.2356,0,0.0,0,,"Counts use NParks Heritage Trees as a legal point proxy, not all Singapore trees."
658,2,SEMAKAU,WISZ02,N,WESTERN ISLANDS,WI,WEST REGION,WR,052DA66CF07E9FEF,20191223152313,4963787.17297095,18703.679614194,4.9972,0,0.0,0,,"Counts use NParks Heritage Trees as a legal point proxy, not all Singapore trees."
659,2,SOUTHERN GROUP,SISZ02,N,SOUTHERN ISLANDS,SI,CENTRAL REGION,CR,69E4DC0E948CA0EA,20191223152313,2206353.55475402,25401.9193492362,2.2212,8,3.602,0,,"Counts use NParks Heritage Trees as a legal point proxy, not all Singapore trees."
660,1,SENTOSA,SISZ01,N,SOUTHERN ISLANDS,SI,CENTRAL REGION,CR,BF42BFC834B5C379,20191223152313,4919832.81545505,17522.9423901308,4.953,21,4.24,0,,"Counts use NParks Heritage Trees as a legal point proxy, not all Singapore trees."
661,17,CITY TERMINALS,BMSZ17,N,BUKIT MERAH,BM,CENTRAL REGION,CR,3B584A6552569599,20191223152313,3451567.5796878,16841.5468035931,3.4748,0,0.0,0,,"Counts use NParks Heritage Trees as a legal point proxy, not all Singapore trees."
662,10,ANSON,DTSZ10,Y,DOWNTOWN CORE,DT,CENTRAL REGION,CR,64CCF255D5D88DD3,20191223152313,103238.48204415,1586.10005449529,0.1039,0,0.0,0,,"Counts use NParks Heritage Trees as a legal point proxy, not all Singapore trees."
663,1,STRAITS VIEW,SVSZ01,Y,STRAITS VIEW,SV,CENTRAL REGION,CR,7BFD117B11503D17,20191223152313,1127296.86614854,5247.60301830453,1.1349,0,0.0,0,,"Counts use NParks Heritage Trees as a legal point proxy, not all Singapore trees."
664,1,MARITIME SQUARE,BMSZ01,N,BUKIT MERAH,BM,CENTRAL REGION,CR,97D628BCCCE96805,20191223152313,2698655.02862209,13704.7692225536,2.7169,6,2.208,0,,"Counts use NParks Heritage Trees as a legal point proxy, not all Singapore trees."
665,15,TELOK BLANGAH RISE,BMSZ15,N,BUKIT MERAH,BM,CENTRAL REGION,CR,E78FC6BA51F16BAF,20191223152313,533462.681706585,3711.90189334053,0.5371,0,0.0,32,0.0,"Counts use NParks Heritage Trees as a legal point proxy, not all Singapore trees."
666,9,TANJONG PAGAR,DTSZ09,Y,DOWNTOWN CORE,DT,CENTRAL REGION,CR,4FFE6642FB35D40A,20191223152313,145518.663867505,1787.71045089011,0.1465,0,0.0,0,,"Counts use NParks Heritage Trees as a legal point proxy, not all Singapore trees."
667,16,EVERTON PARK,BMSZ16,N,BUKIT MERAH,BM,CENTRAL REGION,CR,CF9CAD50B0D9A528,20191223152313,635704.05666729,3776.68338771042,0.64,3,4.688,31,9.677,"Counts use NParks Heritage Trees as a legal point proxy, not all Singapore trees."
668,14,TELOK BLANGAH WAY,BMSZ14,N,BUKIT MERAH,BM,CENTRAL REGION,CR,0F0735F1BDDF53C7,20191223152313,276826.81246106,2290.22726175619,0.2787,0,0.0,34,0.0,"Counts use NParks Heritage Trees as a legal point proxy, not all Singapore trees."
669,7,MAXWELL,DTSZ07,Y,DOWNTOWN CORE,DT,CENTRAL REGION,CR,7CEE617FDEF0DCD9,20191223152313,63664.96634692,1419.80185226066,0.0641,0,0.0,0,,"Counts use NParks Heritage Trees as a legal point proxy, not all Singapore trees."
670,8,CECIL,DTSZ08,Y,DOWNTOWN CORE,DT,CENTRAL REGION,CR,CFF27FB39876FD00,20191223152313,196619.863211295,2116.09466404134,0.1979,0,0.0,0,,"Counts use NParks Heritage Trees as a legal point proxy, not all Singapore trees."
671,11,KAMPONG TIONG BAHRU,BMSZ11,N,BUKIT MERAH,BM,CENTRAL REGION,CR,CF28DD4E7898CC7B,20191223152313,365333.42619067,3304.06046472519,0.3678,1,2.719,33,3.03,"Counts use NParks Heritage Trees as a legal point proxy, not all Singapore trees."
672,13,TELOK BLANGAH DRIVE,BMSZ13,N,BUKIT MERAH,BM,CENTRAL REGION,CR,45A0C762C61CD09C,20191223152313,1455032.96260297,5318.27629260588,1.4648,1,0.683,71,1.408,"Counts use NParks Heritage Trees as a legal point proxy, not all Singapore trees."
673,14,PASIR PANJANG 2,QTSZ14,N,QUEENSTOWN,QT,CENTRAL REGION,CR,45FFDCC314E73BC1,20191223152313,853206.573285305,5797.2313189292,0.859,0,0.0,0,,"Counts use NParks Heritage Trees as a legal point proxy, not all Singapore trees."
674,11,CENTRAL SUBZONE,DTSZ11,Y,DOWNTOWN CORE,DT,CENTRAL REGION,CR,8EFE9EC1AEF2DA0A,20191223152313,1070723.25634918,5002.01615113678,1.0779,0,0.0,0,,"Counts use NParks Heritage Trees as a legal point proxy, not all Singapore trees."
675,5,SINGAPORE GENERAL HOSPITAL,BMSZ05,N,BUKIT MERAH,BM,CENTRAL REGION,CR,14ADFD60AD7D4564,20191223152313,533013.09483045,2914.61100750821,0.5366,1,1.864,0,,"Counts use NParks Heritage Trees as a legal point proxy, not all Singapore trees."
708,1,BUGIS,DTSZ01,Y,DOWNTOWN CORE,DT,CENTRAL REGION,CR,E042FEB6C937D5A5,20191223152313,280174.766696235,2658.88164763113,0.2821,0,0.0,3,0.0,"Counts use NParks Heritage Trees as a legal point proxy, not all Singapore trees."
709,10,VICTORIA,RCSZ10,Y,ROCHOR,RC,CENTRAL REGION,CR,DD1436D810825828,20191223152313,214250.29812847,2093.77023341902,0.2157,0,0.0,10,0.0,"Counts use NParks Heritage Trees as a legal point proxy, not all Singapore trees."
710,2,PATERSON,RVSZ02,Y,RIVER VALLEY,RV,CENTRAL REGION,CR,350FD169665248C4,20191223152313,173121.77361984,1753.92708040725,0.1743,0,0.0,0,,"Counts use NParks Heritage Trees as a legal point proxy, not all Singapore trees."
711,4,EAST COAST,MPSZ04,N,MARINE PARADE,MP,CENTRAL REGION,CR,768CE19AACFCB9EB,20191223152313,591778.99973261,5333.00867128974,0.5958,1,1.678,0,,"Counts use NParks Heritage Trees as a legal point proxy, not all Singapore trees."
712,11,NATIONAL UNIVERSITY OF S'PORE,QTSZ11,N,QUEENSTOWN,QT,CENTRAL REGION,CR,34C6C5F0522C17CC,20191223152313,1753481.99736736,5603.71970072855,1.7653,0,0.0,0,,"Counts use NParks Heritage Trees as a legal point proxy, not all Singapore trees."
713,1,ONE TREE HILL,RVSZ01,Y,RIVER VALLEY,RV,CENTRAL REGION,CR,0FF5E50B9581D2BE,20191223152313,340743.3416451,2464.41309401617,0.343,0,0.0,0,,"Counts use NParks Heritage Trees as a legal point proxy, not all Singapore trees."
721,3,COMMONWEALTH,QTSZ03,N,QUEENSTOWN,QT,CENTRAL REGION,CR,DAF960E8C9C1185B,20191223152313,310534.00600636,2713.42959714529,0.3126,0,0.0,41,0.0,"Counts use NParks Heritage Trees as a legal point proxy, not all Singapore trees."
722,10,DOVER,QTSZ10,N,QUEENSTOWN,QT,CENTRAL REGION,CR,74316BCC24EB8F2B,20191223152313,1380336.24927553,5707.0423309501,1.3896,1,0.72,28,3.571,"Counts use NParks Heritage Trees as a legal point proxy, not all Singapore trees."
723,3,RIDOUT,TNSZ03,N,TANGLIN,TN,CENTRAL REGION,CR,42520E242EDEBED3,20191223152313,1951760.46924205,6449.36600801119,1.9649,0,0.0,0,,"Counts use NParks Heritage Trees as a legal point proxy, not all Singapore trees."
724,4,CAIRNHILL,NTSZ04,Y,NEWTON,NT,CENTRAL REGION,CR,048BF290C67C84DF,20191223152313,451537.639009435,3848.00075563436,0.4546,1,2.2,0,,"Counts use NParks Heritage Trees as a legal point proxy, not all Singapore trees."
725,8,CLEMENTI WEST,CLSZ08,N,CLEMENTI,CL,WEST REGION,WR,9844525651CE97F3,20191223152313,697501.718549675,5211.86752842335,0.7022,0,0.0,33,0.0,"Counts use NParks Heritage Trees as a legal point proxy, not all Singapore trees."
726,5,MONK'S HILL,NTSZ05,Y,NEWTON,NT,CENTRAL REGION,CR,A78B6BF20ACDDAE4,20191223152313,172654.817695655,2440.83375121122,0.1738,0,0.0,0,,"Counts use NParks Heritage Trees as a legal point proxy, not all Singapore trees."
727,7,SIGLAP,BDSZ07,N,BEDOK,BD,EAST REGION,ER,B942232EDE4E5370,20191223152313,1097833.70463992,5436.89062669661,1.1052,0,0.0,0,,"Counts use NParks Heritage Trees as a legal point proxy, not all Singapore trees."
728,7,CLEMENTI WOODS,CLSZ07,N,CLEMENTI,CL,WEST REGION,WR,DC54AB3BA38C575E,20191223152313,1057996.4305925,5278.46037141917,1.0651,0,0.0,40,0.0,"Counts use NParks Heritage Trees as a legal point proxy, not all Singapore trees."
729,5,PIONEER SECTOR,PNSZ05,N,PIONEER,PN,WEST REGION,WR,FF2D0D1BE0A80ECC,20191223152313,2796798.57888196,8501.88981184918,2.8156,0,0.0,0,,"Counts use NParks Heritage Trees as a legal point proxy, not all Singapore trees."
730,11,PENJURU CRESCENT,JESZ11,N,JURONG EAST,JE,WEST REGION,WR,F22E2093EA6EBF3B,20191223152313,3050993.13226377,9844.99070772667,3.0716,0,0.0,0,,"Counts use NParks Heritage Trees as a legal point proxy, not all Singapore trees."
731,1,ORANGE GROVE,NTSZ01,Y,NEWTON,NT,CENTRAL REGION,CR,136BF08C36E3A625,20191223152313,336221.49409638,2476.24629755557,0.3385,0,0.0,0,,"Counts use NParks Heritage Trees as a legal point proxy, not all Singapore trees."
732,4,KAMPONG BUGIS,KLSZ04,N,KALLANG,KL,CENTRAL REGION,CR,FEA1ED8D08BDA85C,20191223152313,742203.0254655,4021.13357275431,0.7472,0,0.0,8,0.0,"Counts use NParks Heritage Trees as a legal point proxy, not all Singapore trees."
714,12,KENT RIDGE,QTSZ12,N,QUEENSTOWN,QT,CENTRAL REGION,CR,601BA309A1AAC731,20191223152313,1826848.56058173,7439.54765629209,1.8392,6,3.262,0,,"Counts use NParks Heritage Trees as a legal point proxy, not all Singapore trees."
715,6,ALEXANDRA NORTH,BMSZ06,N,BUKIT MERAH,BM,CENTRAL REGION,CR,6EC0F7C4D3A902F5,20191223152313,293695.04215879,2906.69424745778,0.2957,0,0.0,0,,"Counts use NParks Heritage Trees as a legal point proxy, not all Singapore trees."
716,4,TANGLIN HALT,QTSZ04,N,QUEENSTOWN,QT,CENTRAL REGION,CR,EEBB431F3A5CB9E5,20191223152313,557275.703638,3895.43708169668,0.561,0,0.0,40,0.0,"Counts use NParks Heritage Trees as a legal point proxy, not all Singapore trees."
717,6,MACKENZIE,RCSZ06,Y,ROCHOR,RC,CENTRAL REGION,CR,D51BAF9568A828F4,20191223152313,55681.282483225,1216.48063086851,0.0561,0,0.0,0,,"Counts use NParks Heritage Trees as a legal point proxy, not all Singapore trees."
718,3,SUNGEI ROAD,RCSZ03,Y,ROCHOR,RC,CENTRAL REGION,CR,31DE89B5FC57F46A,20191223152313,116329.996565155,1727.9635025628,0.1171,0,0.0,8,0.0,"Counts use NParks Heritage Trees as a legal point proxy, not all Singapore trees."
719,8,ONE NORTH,QTSZ08,N,QUEENSTOWN,QT,CENTRAL REGION,CR,EE9D0DAFB282CD42,20191223152313,2003448.20905143,6556.19087781652,2.017,0,0.0,0,,"Counts use NParks Heritage Trees as a legal point proxy, not all Singapore trees."
720,5,TANJONG RHU,KLSZ05,N,KALLANG,KL,CENTRAL REGION,CR,3B46DAAD3CAB13E0,20191223152313,2434594.02772135,6515.75857503082,2.451,0,0.0,16,0.0,"Counts use NParks Heritage Trees as a legal point proxy, not all Singapore trees."
687,2,KATONG,MPSZ02,N,MARINE PARADE,MP,CENTRAL REGION,CR,55705659E2A91D11,20191223152313,1078992.02528342,5062.81485068684,1.0863,1,0.921,0,,"Counts use NParks Heritage Trees as a legal point proxy, not all Singapore trees."
688,2,BOULEVARD,ORSZ02,Y,ORCHARD,OR,CENTRAL REGION,CR,B26DFAF98B8F3E52,20191223152313,460550.42984832,4109.23134961735,0.4637,0,0.0,0,,"Counts use NParks Heritage Trees as a legal point proxy, not all Singapore trees."
689,6,ISTANA NEGARA,NTSZ06,Y,NEWTON,NT,CENTRAL REGION,CR,F6703A7F9EE4DE0D,20191223152313,543483.67693886,3730.31714707233,0.5471,6,10.967,0,,"Counts use NParks Heritage Trees as a legal point proxy, not all Singapore trees."
690,2,LITTLE INDIA,RCSZ02,Y,ROCHOR,RC,CENTRAL REGION,CR,BD31E8D8DD75AD4B,20191223152313,278303.543354755,2203.28025847718,0.2802,0,0.0,11,0.0,"Counts use NParks Heritage Trees as a legal point proxy, not all Singapore trees."
691,4,GUL BASIN,PNSZ04,N,PIONEER,PN,WEST REGION,WR,6B299B0EE967CE4A,20191223152313,1770598.18518228,9465.24578164366,1.7825,0,0.0,0,,"Counts use NParks Heritage Trees as a legal point proxy, not all Singapore trees."
692,3,MARINA CENTRE,DTSZ03,Y,DOWNTOWN CORE,DT,CENTRAL REGION,CR,5BE8CDDF1D3EA5B2,20191223152313,886954.80932971,4047.1107934835,0.8929,0,0.0,0,,"Counts use NParks Heritage Trees as a legal point proxy, not all Singapore trees."
693,3,BRAS BASAH,MUSZ03,Y,MUSEUM,MU,CENTRAL REGION,CR,5A4AD8798D595A1B,20191223152313,218807.716277215,2373.42541022968,0.2203,2,9.079,0,,"Counts use NParks Heritage Trees as a legal point proxy, not all Singapore trees."
694,3,SOMERSET,ORSZ03,Y,ORCHARD,OR,CENTRAL REGION,CR,2C352F72E378D55C,20191223152313,329437.933094495,3039.80553025371,0.3317,0,0.0,0,,"Counts use NParks Heritage Trees as a legal point proxy, not all Singapore trees."
695,9,BENCOOLEN,RCSZ09,Y,ROCHOR,RC,CENTRAL REGION,CR,CF8BBFA03E1B0246,20191223152313,170664.304517275,1916.09754822575,0.1718,0,0.0,4,0.0,"Counts use NParks Heritage Trees as a legal point proxy, not all Singapore trees."
696,2,CHATSWORTH,TNSZ02,N,TANGLIN,TN,CENTRAL REGION,CR,8E8276697F10B9AA,20191223152313,1346164.13114183,5469.08337105685,1.3552,2,1.476,0,,"Counts use NParks Heritage Trees as a legal point proxy, not all Singapore trees."
697,5,KAMPONG GLAM,RCSZ05,Y,ROCHOR,RC,CENTRAL REGION,CR,CCB944F8C1D8EEFE,20191223152313,171334.39620728,1681.62699513323,0.1725,0,0.0,0,,"Counts use NParks Heritage Trees as a legal point proxy, not all Singapore trees."
698,8,SELEGIE,RCSZ08,Y,ROCHOR,RC,CENTRAL REGION,CR,E8FA232C5BEEA956,20191223152313,49626.01833122,1478.04996949684,0.05,0,0.0,0,,"Counts use NParks Heritage Trees as a legal point proxy, not all Singapore trees."
699,7,MOUNT EMILY,RCSZ07,Y,ROCHOR,RC,CENTRAL REGION,CR,D8225E737A6496B4,20191223152313,193992.34527842,2301.23030004211,0.1953,0,0.0,0,,"Counts use NParks Heritage Trees as a legal point proxy, not all Singapore trees."
700,4,ROCHOR CANAL,RCSZ04,Y,ROCHOR,RC,CENTRAL REGION,CR,6DFA7E9068F7B4CE,20191223152313,120171.32121366,1686.00945278988,0.121,0,0.0,0,,"Counts use NParks Heritage Trees as a legal point proxy, not all Singapore trees."
701,5,MARGARET DRIVE,QTSZ05,N,QUEENSTOWN,QT,CENTRAL REGION,CR,B1753FCD29EF3AC0,20191223152313,1026561.7396795,5968.24722108223,1.0335,0,0.0,84,0.0,"Counts use NParks Heritage Trees as a legal point proxy, not all Singapore trees."
702,4,OXLEY,RVSZ04,Y,RIVER VALLEY,RV,CENTRAL REGION,CR,DB9635F397D9D235,20191223152313,200786.63852654,2005.62590297013,0.2021,1,4.948,0,,"Counts use NParks Heritage Trees as a legal point proxy, not all Singapore trees."
703,2,CITY HALL,DTSZ02,Y,DOWNTOWN CORE,DT,CENTRAL REGION,CR,C3663E9926627289,20191223152313,710568.702937555,4544.16984708837,0.7154,20,27.956,0,,"Counts use NParks Heritage Trees as a legal point proxy, not all Singapore trees."
704,6,MEI CHIN,QTSZ06,N,QUEENSTOWN,QT,CENTRAL REGION,CR,F15BD95C8778DC31,20191223152313,748683.995863185,3580.44285696557,0.7537,0,0.0,67,0.0,"Counts use NParks Heritage Trees as a legal point proxy, not all Singapore trees."
705,3,LEONIE HILL,RVSZ03,Y,RIVER VALLEY,RV,CENTRAL REGION,CR,29BCAA5838A4EAC0,20191223152313,368482.988259795,2676.35256333841,0.371,0,0.0,0,,"Counts use NParks Heritage Trees as a legal point proxy, not all Singapore trees."
706,15,PORT,QTSZ15,N,QUEENSTOWN,QT,CENTRAL REGION,CR,0FA3CB93279F64BF,20191223152313,7606207.57509853,23482.0843206089,7.6575,1,0.131,0,,"Counts use NParks Heritage Trees as a legal point proxy, not all Singapore trees."
707,1,DHOBY GHAUT,MUSZ01,Y,MUSEUM,MU,CENTRAL REGION,CR,591218FCD7383F8A,20191223152313,221998.18551239,2580.49163982748,0.2235,0,0.0,0,,"Counts use NParks Heritage Trees as a legal point proxy, not all Singapore trees."
771,2,MACPHERSON,GLSZ02,N,GEYLANG,GL,CENTRAL REGION,CR,A6E1CADF14D4862F,20191223152313,1263409.40396493,4585.78817981672,1.2719,0,0.0,117,0.0,"Counts use NParks Heritage Trees as a legal point proxy, not all Singapore trees."
772,7,KIM KEAT,TPSZ07,N,TOA PAYOH,TP,CENTRAL REGION,CR,A583C30335F0057B,20191223152313,369770.553298465,2500.85184587401,0.3723,0,0.0,40,0.0,"Counts use NParks Heritage Trees as a legal point proxy, not all Singapore trees."
773,4,BEDOK NORTH,BDSZ04,N,BEDOK,BD,EAST REGION,ER,A2254301F85C1EDF,20191223152313,3203663.49323676,8414.96210184943,3.2253,1,0.31,239,0.418,"Counts use NParks Heritage Trees as a legal point proxy, not all Singapore trees."
774,2,TOA PAYOH CENTRAL,TPSZ02,N,TOA PAYOH,TP,CENTRAL REGION,CR,F05298981CE86DAB,20191223152313,1107267.03579022,5201.96875214797,1.1147,1,0.897,93,1.075,"Counts use NParks Heritage Trees as a legal point proxy, not all Singapore trees."
775,6,JURONG GATEWAY,JESZ06,N,JURONG EAST,JE,WEST REGION,WR,DE10DD28C74D00A2,20191223152313,554623.675717855,3096.98410990556,0.5584,0,0.0,6,0.0,"Counts use NParks Heritage Trees as a legal point proxy, not all Singapore trees."
776,3,HOLLAND ROAD,BTSZ03,N,BUKIT TIMAH,BT,CENTRAL REGION,CR,5798D0C0351ADBC9,20191223152313,3387243.07742008,8182.13542559836,3.4101,1,0.293,0,,"Counts use NParks Heritage Trees as a legal point proxy, not all Singapore trees."
777,3,KAMPONG UBI,GLSZ03,N,GEYLANG,GL,CENTRAL REGION,CR,418A24B07122EF05,20191223152313,1878001.45170893,5573.48706315177,1.8907,0,0.0,62,0.0,"Counts use NParks Heritage Trees as a legal point proxy, not all Singapore trees."
778,11,SENNETT,TPSZ11,N,TOA PAYOH,TP,CENTRAL REGION,CR,323E7ABC6E27B92B,20191223152313,867750.437330705,3836.10579302223,0.8736,0,0.0,43,0.0,"Counts use NParks Heritage Trees as a legal point proxy, not all Singapore trees."
779,9,POTONG PASIR,TPSZ09,N,TOA PAYOH,TP,CENTRAL REGION,CR,8A3FB97222900FEA,20191223152313,639143.569298185,3496.88187388688,0.6435,0,0.0,45,0.0,"Counts use NParks Heritage Trees as a legal point proxy, not all Singapore trees."
780,3,TUAS NORTH,TSSZ03,N,TUAS,TS,WEST REGION,WR,1CD927A110152200,20191223152313,3260150.85689723,7702.82494807521,3.2821,0,0.0,0,,"Counts use NParks Heritage Trees as a legal point proxy, not all Singapore trees."
781,6,PEI CHUN,TPSZ06,N,TOA PAYOH,TP,CENTRAL REGION,CR,E896DA37D43AE86B,20191223152313,411403.93712779,2901.78941605581,0.4142,0,0.0,40,0.0,"Counts use NParks Heritage Trees as a legal point proxy, not all Singapore trees."
782,4,BOON TECK,TPSZ04,N,TOA PAYOH,TP,CENTRAL REGION,CR,3FBAA35FE787D703,20191223152313,418657.35830157,2626.13659250628,0.4215,0,0.0,48,0.0,"Counts use NParks Heritage Trees as a legal point proxy, not all Singapore trees."
783,6,KIAN TECK,JWSZ06,N,JURONG WEST,JW,WEST REGION,WR,9B1413350A34D0D4,20191223152313,2098176.49640771,8830.55525832344,2.1123,0,0.0,0,,"Counts use NParks Heritage Trees as a legal point proxy, not all Singapore trees."
784,7,SAFTI,JWSZ07,N,JURONG WEST,JW,WEST REGION,WR,F98103316DAE6E47,20191223152313,1524551.34422986,5137.71656222333,1.5348,0,0.0,0,,"Counts use NParks Heritage Trees as a legal point proxy, not all Singapore trees."
785,1,FARRER PARK,RCSZ01,Y,ROCHOR,RC,CENTRAL REGION,CR,D839C7034E32C992,20191223152313,218107.264623295,2519.6579415326,0.2196,0,0.0,12,0.0,"Counts use NParks Heritage Trees as a legal point proxy, not all Singapore trees."
786,3,NEWTON CIRCUS,NTSZ03,Y,NEWTON,NT,CENTRAL REGION,CR,AB6C665F6F6FE010,20191223152313,213518.66649669,2393.95520284245,0.215,0,0.0,0,,"Counts use NParks Heritage Trees as a legal point proxy, not all Singapore trees."
787,10,JURONG PORT,JESZ10,N,JURONG EAST,JE,WEST REGION,WR,DE335124035E97E8,20191223152313,2464856.67154538,11355.0011225654,2.4815,0,0.0,0,,"Counts use NParks Heritage Trees as a legal point proxy, not all Singapore trees."
788,1,ANG MO KIO TOWN CENTRE,AMSZ01,N,ANG MO KIO,AM,NORTH-EAST REGION,NER,B996E2754B3DA5E1,20191223152313,316882.01718691,2642.20877720718,0.319,0,0.0,31,0.0,"Counts use NParks Heritage Trees as a legal point proxy, not all Singapore trees."
789,6,KEBUN BAHRU,AMSZ06,N,ANG MO KIO,AM,NORTH-EAST REGION,NER,60BFB1E98CF343F9,20191223152313,1046417.00003483,4288.19423134654,1.0535,0,0.0,66,0.0,"Counts use NParks Heritage Trees as a legal point proxy, not all Singapore trees."
790,2,SERANGOON NORTH IND ESTATE,SGSZ02,N,SERANGOON,SG,NORTH-EAST REGION,NER,2648D1D39685215F,20191223152313,921430.94881114,4299.21119877213,0.9276,0,0.0,0,,"Counts use NParks Heritage Trees as a legal point proxy, not all Singapore trees."
791,2,TENGAH INDUSTRIAL ESTATE,THSZ02,N,TENGAH,TH,WEST REGION,WR,71AEDA733D2C29D1,20191223152313,2393335.33205505,6984.98881691351,2.4095,0,0.0,0,,"Counts use NParks Heritage Trees as a legal point proxy, not all Singapore trees."
733,3,SAMULUN,BLSZ03,N,BOON LAY,BL,WEST REGION,WR,EF2AF91ABD095D2B,20191223152313,1941408.5396658,8753.73089040632,1.9545,0,0.0,0,,"Counts use NParks Heritage Trees as a legal point proxy, not all Singapore trees."
734,4,SHIPYARD,BLSZ04,N,BOON LAY,BL,WEST REGION,WR,ADDB8AF08C707EEC,20191223152313,2121183.85225757,6421.21195118385,2.1355,0,0.0,0,,"Counts use NParks Heritage Trees as a legal point proxy, not all Singapore trees."
735,1,GHIM MOH,QTSZ01,N,QUEENSTOWN,QT,CENTRAL REGION,CR,8BFBC5CC054F952F,20191223152313,485572.40828631,3224.17710242502,0.4888,0,0.0,42,0.0,"Counts use NParks Heritage Trees as a legal point proxy, not all Singapore trees."
736,6,LAVENDER,KLSZ06,N,KALLANG,KL,CENTRAL REGION,CR,5A79714264096F85,20191223152313,756925.923733295,3606.90597945132,0.762,0,0.0,26,0.0,"Counts use NParks Heritage Trees as a legal point proxy, not all Singapore trees."
737,5,FRANKEL,BDSZ05,N,BEDOK,BD,EAST REGION,ER,B34F041CC4B050EC,20191223152313,4297140.71352174,8750.38629061996,4.3261,0,0.0,0,,"Counts use NParks Heritage Trees as a legal point proxy, not all Singapore trees."
738,4,CLEMENTI NORTH,CLSZ04,N,CLEMENTI,CL,WEST REGION,WR,42BE8EEB1EAE7024,20191223152313,991057.26116259,4252.1056351612,0.9977,0,0.0,105,0.0,"Counts use NParks Heritage Trees as a legal point proxy, not all Singapore trees."
739,7,LEEDON PARK,BTSZ07,N,BUKIT TIMAH,BT,CENTRAL REGION,CR,37EC2CB30688ABDC,20191223152313,2038512.4634943,7863.08501240416,2.0523,1,0.487,0,,"Counts use NParks Heritage Trees as a legal point proxy, not all Singapore trees."
740,5,GEYLANG EAST,GLSZ05,N,GEYLANG,GL,CENTRAL REGION,CR,4A309C22D67AB860,20191223152313,2578425.36553345,7025.28121285807,2.5958,3,1.156,86,3.488,"Counts use NParks Heritage Trees as a legal point proxy, not all Singapore trees."
741,9,TEBAN GARDENS,JESZ09,N,JURONG EAST,JE,WEST REGION,WR,B2B5A4197257B893,20191223152313,3187584.07511452,8204.29735041646,3.2091,0,0.0,63,0.0,"Counts use NParks Heritage Trees as a legal point proxy, not all Singapore trees."
742,8,JURONG RIVER,JESZ08,N,JURONG EAST,JE,WEST REGION,WR,01314B56AF4A46E6,20191223152313,2560995.9361692,6612.90323098632,2.5783,0,0.0,0,,"Counts use NParks Heritage Trees as a legal point proxy, not all Singapore trees."
743,2,GEYLANG BAHRU,KLSZ02,N,KALLANG,KL,CENTRAL REGION,CR,BE1E14E9386D9445,20191223152313,735502.22642401,3745.03401722778,0.7405,0,0.0,33,0.0,"Counts use NParks Heritage Trees as a legal point proxy, not all Singapore trees."
744,2,GOODWOOD PARK,NTSZ02,Y,NEWTON,NT,CENTRAL REGION,CR,5DF2BE985F30E3B1,20191223152313,351305.2291469,2793.14640414422,0.3537,0,0.0,0,,"Counts use NParks Heritage Trees as a legal point proxy, not all Singapore trees."
745,9,PANDAN,CLSZ09,N,CLEMENTI,CL,WEST REGION,WR,514BECD2F891A439,20191223152313,1312922.72116467,5686.91489760342,1.3218,0,0.0,0,,"Counts use NParks Heritage Trees as a legal point proxy, not all Singapore trees."
746,9,SINGAPORE POLYTECHNIC,QTSZ09,N,QUEENSTOWN,QT,CENTRAL REGION,CR,20623268F1FC8010,20191223152313,947452.86705736,4667.27689477548,0.9538,5,5.242,0,,"Counts use NParks Heritage Trees as a legal point proxy, not all Singapore trees."
747,6,CLEMENTI CENTRAL,CLSZ06,N,CLEMENTI,CL,WEST REGION,WR,176D5D7612E6D360,20191223152313,749198.897727935,3630.71098315445,0.7542,0,0.0,58,0.0,"Counts use NParks Heritage Trees as a legal point proxy, not all Singapore trees."
748,7,KAMPONG JAVA,KLSZ07,N,KALLANG,KL,CENTRAL REGION,CR,0CD36791127E0040,20191223152313,1052032.27492456,4322.08859238205,1.0591,1,0.944,30,3.333,"Counts use NParks Heritage Trees as a legal point proxy, not all Singapore trees."
749,3,BOON KENG,KLSZ03,N,KALLANG,KL,CENTRAL REGION,CR,ACD7B8D8076AF0A3,20191223152313,410939.00428214,2972.01795014853,0.4137,0,0.0,34,0.0,"Counts use NParks Heritage Trees as a legal point proxy, not all Singapore trees."
750,8,KALLANG BAHRU,KLSZ08,N,KALLANG,KL,CENTRAL REGION,CR,2547F28D4904BF1B,20191223152313,839679.38604225,3712.0727302866,0.8453,0,0.0,0,,"Counts use NParks Heritage Trees as a legal point proxy, not all Singapore trees."
751,4,ULU PANDAN,BTSZ04,N,BUKIT TIMAH,BT,CENTRAL REGION,CR,94BAB4456DDB8E43,20191223152313,1227060.86481669,6625.58179601055,1.2353,0,0.0,0,,"Counts use NParks Heritage Trees as a legal point proxy, not all Singapore trees."
752,8,FARRER COURT,BTSZ08,N,BUKIT TIMAH,BT,CENTRAL REGION,CR,709639180E81EC72,20191223152313,558760.53159588,4192.28952798986,0.5625,0,0.0,7,0.0,"Counts use NParks Heritage Trees as a legal point proxy, not all Singapore trees."
753,1,NASSIM,TNSZ01,N,TANGLIN,TN,CENTRAL REGION,CR,960862F1C1B08BFA,20191223152313,2096085.23018148,6241.33287686293,2.1102,0,0.0,0,,"Counts use NParks Heritage Trees as a legal point proxy, not all Singapore trees."
754,5,WEST COAST,CLSZ05,N,CLEMENTI,CL,WEST REGION,WR,1DC391E53BDF8BAB,20191223152313,722588.674420385,3644.13141688855,0.7275,0,0.0,0,,"Counts use NParks Heritage Trees as a legal point proxy, not all Singapore trees."
755,8,BAYSHORE,BDSZ08,N,BEDOK,BD,EAST REGION,ER,E75811E2E74F8FE5,20191223152313,2550461.67247355,8698.59695231621,2.5676,1,0.389,0,,"Counts use NParks Heritage Trees as a legal point proxy, not all Singapore trees."
756,3,BENOI SECTOR,PNSZ03,N,PIONEER,PN,WEST REGION,WR,7CD74371F5BAD860,20191223152313,2042630.98024393,6249.47706765317,2.0564,0,0.0,0,,"Counts use NParks Heritage Trees as a legal point proxy, not all Singapore trees."
757,2,GUL CIRCLE,PNSZ02,N,PIONEER,PN,WEST REGION,WR,029BD940F4455194,20191223152313,3260399.45891918,7268.45075201847,3.2824,0,0.0,0,,"Counts use NParks Heritage Trees as a legal point proxy, not all Singapore trees."
758,4,TYERSALL,TNSZ04,N,TANGLIN,TN,CENTRAL REGION,CR,E8BB13B8018F288B,20191223152313,2158289.71574716,6430.98614738812,2.1728,60,27.614,3,2000.0,"Counts use NParks Heritage Trees as a legal point proxy, not all Singapore trees."
759,2,MOULMEIN,NVSZ02,N,NOVENA,NV,CENTRAL REGION,CR,50F53AE70EC1A4A3,20191223152313,1347456.01143878,5388.74193776823,1.3565,1,0.737,1,100.0,"Counts use NParks Heritage Trees as a legal point proxy, not all Singapore trees."
760,2,LIU FANG,BLSZ02,N,BOON LAY,BL,WEST REGION,WR,E793F02FC4904B9B,20191223152313,2338909.48885377,7135.44250052116,2.3547,0,0.0,0,,"Counts use NParks Heritage Trees as a legal point proxy, not all Singapore trees."
761,1,TANGLIN,ORSZ01,Y,ORCHARD,OR,CENTRAL REGION,CR,876C892801F74239,20191223152313,167537.065383535,1864.48866531532,0.1687,0,0.0,0,,"Counts use NParks Heritage Trees as a legal point proxy, not all Singapore trees."
762,3,MARINE PARADE,MPSZ03,N,MARINE PARADE,MP,CENTRAL REGION,CR,44613908A004F20C,20191223152313,1160017.47825809,6019.27909596131,1.1678,0,0.0,78,0.0,"Counts use NParks Heritage Trees as a legal point proxy, not all Singapore trees."
763,1,JOO KOON,PNSZ01,N,PIONEER,PN,WEST REGION,WR,CC5510269C17C164,20191223152313,2349378.25644115,8601.20160702838,2.3652,0,0.0,0,,"Counts use NParks Heritage Trees as a legal point proxy, not all Singapore trees."
764,1,KALLANG WAY,GLSZ01,N,GEYLANG,GL,CENTRAL REGION,CR,E8881EED4DAD592B,20191223152313,963494.690565225,4055.20793649912,0.97,0,0.0,0,,"Counts use NParks Heritage Trees as a legal point proxy, not all Singapore trees."
765,7,INTERNATIONAL BUSINESS PARK,JESZ07,N,JURONG EAST,JE,WEST REGION,WR,AB2265CD54169CDC,20191223152313,485022.306982515,3024.27583608698,0.4883,0,0.0,0,,"Counts use NParks Heritage Trees as a legal point proxy, not all Singapore trees."
766,1,TUKANG,BLSZ01,N,BOON LAY,BL,WEST REGION,WR,6CCF8637EBA7EA5E,20191223152313,1881305.82857946,6899.99945557625,1.894,0,0.0,0,,"Counts use NParks Heritage Trees as a legal point proxy, not all Singapore trees."
767,6,CORONATION ROAD,BTSZ06,N,BUKIT TIMAH,BT,CENTRAL REGION,CR,5DB075FA57F73ADC,20191223152313,1425083.17678668,5905.90419262576,1.4347,0,0.0,0,,"Counts use NParks Heritage Trees as a legal point proxy, not all Singapore trees."
768,3,KEMBANGAN,BDSZ03,N,BEDOK,BD,EAST REGION,ER,528DB1419283465B,20191223152313,2387277.53160096,6785.1117073234,2.4034,0,0.0,80,0.0,"Counts use NParks Heritage Trees as a legal point proxy, not all Singapore trees."
769,4,DUNEARN,NVSZ04,N,NOVENA,NV,CENTRAL REGION,CR,6AE9512B5A8CADFA,20191223152313,1229894.4167056,4827.40826399462,1.2382,1,0.808,0,,"Counts use NParks Heritage Trees as a legal point proxy, not all Singapore trees."
770,2,SUNSET WAY,CLSZ02,N,CLEMENTI,CL,WEST REGION,WR,7A55C92019905E51,20191223152313,963924.60529782,4576.78384774378,0.9704,0,0.0,21,0.0,"Counts use NParks Heritage Trees as a legal point proxy, not all Singapore trees."
827,1,ANAK BUKIT,BTSZ01,N,BUKIT TIMAH,BT,CENTRAL REGION,CR,4BAD8B2C9CEBF3F2,20191223152313,2773296.71089813,7652.4938586092,2.792,0,0.0,21,0.0,"Counts use NParks Heritage Trees as a legal point proxy, not all Singapore trees."
828,2,SWISS CLUB,BTSZ02,N,BUKIT TIMAH,BT,CENTRAL REGION,CR,DE0B35BEB9BBF846,20191223152313,3468506.19409683,8978.04630163206,3.4919,1,0.286,0,,"Counts use NParks Heritage Trees as a legal point proxy, not all Singapore trees."
829,5,XILIN,TMSZ05,N,TAMPINES,TM,EAST REGION,ER,D7CC715E7F50844C,20191223152313,7655818.7275575,12870.6895396898,7.7074,0,0.0,0,,"Counts use NParks Heritage Trees as a legal point proxy, not all Singapore trees."
830,3,FABER,CLSZ03,N,CLEMENTI,CL,WEST REGION,WR,8F452E1B04F07387,20191223152313,948158.92224658,4665.7563941954,0.9545,0,0.0,0,,"Counts use NParks Heritage Trees as a legal point proxy, not all Singapore trees."
831,3,MALCOLM,NVSZ03,N,NOVENA,NV,CENTRAL REGION,CR,AD436483B5AE1420,20191223152313,1319112.31578618,5326.03947880716,1.328,1,0.753,0,,"Counts use NParks Heritage Trees as a legal point proxy, not all Singapore trees."
832,6,BEDOK SOUTH,BDSZ06,N,BEDOK,BD,EAST REGION,ER,C2822F66552B6BDB,20191223152313,2997307.45909631,7811.58902532202,3.0175,2,0.663,111,1.802,"Counts use NParks Heritage Trees as a legal point proxy, not all Singapore trees."
840,9,DEFU INDUSTRIAL PARK,HGSZ09,N,HOUGANG,HG,NORTH-EAST REGION,NER,42B919E904B77059,20191223152313,1974132.04883056,8517.58367661179,1.9874,0,0.0,0,,"Counts use NParks Heritage Trees as a legal point proxy, not all Singapore trees."
841,1,CHANGI BAY,CBSZ01,N,CHANGI BAY,CB,EAST REGION,ER,3C54F5389C04FCCE,20191223152313,1972607.71978248,19264.397307735,1.9859,0,0.0,0,,"Counts use NParks Heritage Trees as a legal point proxy, not all Singapore trees."
842,2,PAYA LEBAR EAST,PLSZ02,N,PAYA LEBAR,PL,EAST REGION,ER,4A68EB83EA84BA89,20191223152313,2259237.2540815,7470.16457434074,2.2745,0,0.0,0,,"Counts use NParks Heritage Trees as a legal point proxy, not all Singapore trees."
843,2,HONG KAH NORTH,BKSZ02,N,BUKIT BATOK,BK,WEST REGION,WR,7688003183213EBF,20191223152313,859179.18007527,3842.99403041974,0.865,0,0.0,104,0.0,"Counts use NParks Heritage Trees as a legal point proxy, not all Singapore trees."
844,6,KOVAN,HGSZ06,N,HOUGANG,HG,NORTH-EAST REGION,NER,19C0ECAF2E3AE59A,20191223152313,1948613.20544233,5644.28774956065,1.9617,0,0.0,12,0.0,"Counts use NParks Heritage Trees as a legal point proxy, not all Singapore trees."
845,3,CHONG BOON,AMSZ03,N,ANG MO KIO,AM,NORTH-EAST REGION,NER,94B98B182E1B853F,20191223152313,1078622.32407028,4710.53872999384,1.0859,0,0.0,81,0.0,"Counts use NParks Heritage Trees as a legal point proxy, not all Singapore trees."
846,4,SERANGOON GARDEN,SGSZ04,N,SERANGOON,SG,NORTH-EAST REGION,NER,9E333AF1E3047F58,20191223152313,3023148.98135381,6972.41909361026,3.0435,0,0.0,77,0.0,"Counts use NParks Heritage Trees as a legal point proxy, not all Singapore trees."
847,1,HOUGANG CENTRAL,HGSZ01,N,HOUGANG,HG,NORTH-EAST REGION,NER,C4419A9A8D05E0DF,20191223152313,441733.440163775,2759.81546607898,0.4447,1,2.249,22,4.545,"Counts use NParks Heritage Trees as a legal point proxy, not all Singapore trees."
848,7,LOYANG EAST,PRSZ07,N,PASIR RIS,PR,EAST REGION,ER,F8BE10A6A300E9F9,20191223152313,972128.17337666,4192.47027794129,0.9787,0,0.0,0,,"Counts use NParks Heritage Trees as a legal point proxy, not all Singapore trees."
849,6,DAIRY FARM,BPSZ06,N,BUKIT PANJANG,BP,WEST REGION,WR,E8E8327C1217034C,20191223152313,1235901.75163543,4814.19537542338,1.2442,0,0.0,0,,"Counts use NParks Heritage Trees as a legal point proxy, not all Singapore trees."
850,5,PASIR RIS DRIVE,PRSZ05,N,PASIR RIS,PR,EAST REGION,ER,833173AFA73BCF94,20191223152313,1639836.6411068,5314.6232346855,1.6509,0,0.0,261,0.0,"Counts use NParks Heritage Trees as a legal point proxy, not all Singapore trees."
851,1,TAMPINES NORTH,TMSZ01,N,TAMPINES,TM,EAST REGION,ER,619A4A5A72D3F75A,20191223152313,2543106.63427314,7128.35539054179,2.5602,0,0.0,139,0.0,"Counts use NParks Heritage Trees as a legal point proxy, not all Singapore trees."
852,2,CHENG SAN,AMSZ02,N,ANG MO KIO,AM,NORTH-EAST REGION,NER,504511A82C516D62,20191223152313,955710.18870096,4218.95806161774,0.9622,0,0.0,88,0.0,"Counts use NParks Heritage Trees as a legal point proxy, not all Singapore trees."
853,7,SEMBAWANG HILLS,AMSZ07,N,ANG MO KIO,AM,NORTH-EAST REGION,NER,AD564EC714FB3D29,20191223152313,894516.017486315,4326.10815208554,0.9005,0,0.0,0,,"Counts use NParks Heritage Trees as a legal point proxy, not all Singapore trees."
854,5,JELEBU,BPSZ05,N,BUKIT PANJANG,BP,WEST REGION,WR,61A034F12715D43D,20191223152313,911208.28504578,3992.42603071188,0.9173,1,1.09,90,1.111,"Counts use NParks Heritage Trees as a legal point proxy, not all Singapore trees."
855,2,KEAT HONG,CKSZ02,N,CHOA CHU KANG,CK,WEST REGION,WR,8ADEB58B9C197CD0,20191223152313,1143813.67457554,4680.78329118573,1.1515,0,0.0,113,0.0,"Counts use NParks Heritage Trees as a legal point proxy, not all Singapore trees."
833,1,BENDEMEER,KLSZ01,N,KALLANG,KL,CENTRAL REGION,CR,63861469045FB056,20191223152313,1376830.045265,5603.00046697725,1.3861,1,0.721,120,0.833,"Counts use NParks Heritage Trees as a legal point proxy, not all Singapore trees."
834,1,BALESTIER,NVSZ01,N,NOVENA,NV,CENTRAL REGION,CR,CEEB7DAC14907701,20191223152313,1926622.0021492,6804.341197145,1.9396,2,1.031,113,1.77,"Counts use NParks Heritage Trees as a legal point proxy, not all Singapore trees."
835,2,TUAS PROMENADE,TSSZ02,N,TUAS,TS,WEST REGION,WR,E93D92C3F5818817,20191223152313,4137157.96696357,15051.5637623679,4.165,0,0.0,0,,"Counts use NParks Heritage Trees as a legal point proxy, not all Singapore trees."
836,6,SERANGOON CENTRAL,SGSZ06,N,SERANGOON,SG,NORTH-EAST REGION,NER,3E0A343DED145DD2,20191223152313,1061889.35276278,4784.62316928481,1.069,0,0.0,80,0.0,"Counts use NParks Heritage Trees as a legal point proxy, not all Singapore trees."
837,3,BISHAN EAST,BSSZ03,N,BISHAN,BS,CENTRAL REGION,CR,54980EC3DD176721,20191223152313,1794461.26207765,5680.71940216575,1.8066,1,0.554,135,0.741,"Counts use NParks Heritage Trees as a legal point proxy, not all Singapore trees."
838,3,TAMPINES WEST,TMSZ03,N,TAMPINES,TM,EAST REGION,ER,B5D10B1D52220BD4,20191223152313,3475252.77982926,8060.31355094969,3.4987,0,0.0,349,0.0,"Counts use NParks Heritage Trees as a legal point proxy, not all Singapore trees."
839,3,BRICKWORKS,BKSZ03,N,BUKIT BATOK,BK,WEST REGION,WR,2E8F28049D9CF38D,20191223152313,1231656.74996784,4404.22819527955,1.24,0,0.0,102,0.0,"Counts use NParks Heritage Trees as a legal point proxy, not all Singapore trees."
792,3,SERANGOON NORTH,SGSZ03,N,SERANGOON,SG,NORTH-EAST REGION,NER,C685042EC58E5C55,20191223152313,684704.30049787,3610.73240826677,0.6893,0,0.0,63,0.0,"Counts use NParks Heritage Trees as a legal point proxy, not all Singapore trees."
793,4,GUILIN,BKSZ04,N,BUKIT BATOK,BK,WEST REGION,WR,1EC9354628DA67BE,20191223152313,1085080.08316945,5564.33323057742,1.0924,0,0.0,31,0.0,"Counts use NParks Heritage Trees as a legal point proxy, not all Singapore trees."
794,1,WENYA,JWSZ01,N,JURONG WEST,JW,WEST REGION,WR,E7A0250440D393E2,20191223152313,1974943.24610219,5864.59281749788,1.9882,0,0.0,30,0.0,"Counts use NParks Heritage Trees as a legal point proxy, not all Singapore trees."
795,7,NATURE RESERVE,BPSZ07,N,BUKIT PANJANG,BP,WEST REGION,WR,5E964070D9B0D244,20191223152313,4141322.43089544,9051.9091191782,4.1692,3,0.72,0,,"Counts use NParks Heritage Trees as a legal point proxy, not all Singapore trees."
796,2,TAMPINES EAST,TMSZ02,N,TAMPINES,TM,EAST REGION,ER,BF1935FA1D1D26CE,20191223152313,4343753.03925992,10171.7416658296,4.373,0,0.0,498,0.0,"Counts use NParks Heritage Trees as a legal point proxy, not all Singapore trees."
797,7,LORONG AH SOO,HGSZ07,N,HOUGANG,HG,NORTH-EAST REGION,NER,6EDE1DB873D24BDD,20191223152313,1515533.89128447,5438.21102189837,1.5257,1,0.655,101,0.99,"Counts use NParks Heritage Trees as a legal point proxy, not all Singapore trees."
798,8,FLORA DRIVE,PRSZ08,N,PASIR RIS,PR,EAST REGION,ER,FA9C76B49B6D0C95,20191223152313,944998.448860425,3956.61577683772,0.9514,0,0.0,0,,"Counts use NParks Heritage Trees as a legal point proxy, not all Singapore trees."
799,5,HILLVIEW,BKSZ05,N,BUKIT BATOK,BK,WEST REGION,WR,ECA94E65B1D52DF7,20191223152313,1993633.61712158,6694.00619672868,2.0071,0,0.0,0,,"Counts use NParks Heritage Trees as a legal point proxy, not all Singapore trees."
800,1,TOH TUCK,CLSZ01,N,CLEMENTI,CL,WEST REGION,WR,6F40C02EBE541755,20191223152313,2077968.8305417,6119.75007023993,2.092,0,0.0,0,,"Counts use NParks Heritage Trees as a legal point proxy, not all Singapore trees."
801,5,MOUNT PLEASANT,NVSZ05,N,NOVENA,NV,CENTRAL REGION,CR,65D7CD4FAD68512B,20191223152313,3144927.67328543,7251.16931021493,3.1661,1,0.316,0,,"Counts use NParks Heritage Trees as a legal point proxy, not all Singapore trees."
802,5,HILLCREST,BTSZ05,N,BUKIT TIMAH,BT,CENTRAL REGION,CR,1DC35394CBDDDADD,20191223152313,2636483.25870882,7428.70026068375,2.6543,1,0.377,0,,"Counts use NParks Heritage Trees as a legal point proxy, not all Singapore trees."
803,12,JOO SENG,TPSZ12,N,TOA PAYOH,TP,CENTRAL REGION,CR,33EC42B8FE3B21D0,20191223152313,1057165.24420393,4254.53133335793,1.0643,0,0.0,23,0.0,"Counts use NParks Heritage Trees as a legal point proxy, not all Singapore trees."
804,5,CHIN BEE,JWSZ05,N,JURONG WEST,JW,WEST REGION,WR,E40040F5493ECE07,20191223152313,1287949.82451639,4899.03395739622,1.2966,0,0.0,0,,"Counts use NParks Heritage Trees as a legal point proxy, not all Singapore trees."
805,5,LORONG 8 TOA PAYOH,TPSZ05,N,TOA PAYOH,TP,CENTRAL REGION,CR,4A20B4AB7C41B9D6,20191223152313,439646.76155801,3271.27119240912,0.4426,0,0.0,23,0.0,"Counts use NParks Heritage Trees as a legal point proxy, not all Singapore trees."
806,3,TOH GUAN,JESZ03,N,JURONG EAST,JE,WEST REGION,WR,0A84AFE11C5E0C53,20191223152313,746882.27413152,4462.31388562204,0.7519,0,0.0,56,0.0,"Counts use NParks Heritage Trees as a legal point proxy, not all Singapore trees."
807,4,SIMEI,TMSZ04,N,TAMPINES,TM,EAST REGION,ER,52A06FDE31AC9CBB,20191223152313,2777496.64669085,7415.52546030136,2.7962,0,0.0,96,0.0,"Counts use NParks Heritage Trees as a legal point proxy, not all Singapore trees."
808,2,BOON LAY PLACE,JWSZ02,N,JURONG WEST,JW,WEST REGION,WR,87E39292C52D96D3,20191223152313,906317.39067887,3708.3662809569,0.9124,0,0.0,95,0.0,"Counts use NParks Heritage Trees as a legal point proxy, not all Singapore trees."
809,8,BUKIT BATOK EAST,BKSZ08,N,BUKIT BATOK,BK,WEST REGION,WR,7CED8DCEA0FF3FC1,20191223152313,380201.802759345,2619.55237227329,0.3828,0,0.0,57,0.0,"Counts use NParks Heritage Trees as a legal point proxy, not all Singapore trees."
810,6,BUKIT BATOK WEST,BKSZ06,N,BUKIT BATOK,BK,WEST REGION,WR,2BC37BEE614885E1,20191223152313,527471.66606164,3423.01095793149,0.531,0,0.0,66,0.0,"Counts use NParks Heritage Trees as a legal point proxy, not all Singapore trees."
811,7,BUKIT BATOK CENTRAL,BKSZ07,N,BUKIT BATOK,BK,WEST REGION,WR,4CE31051AB87CA5E,20191223152313,800298.564475335,3782.82695880507,0.8057,0,0.0,106,0.0,"Counts use NParks Heritage Trees as a legal point proxy, not all Singapore trees."
812,7,UPPER PAYA LEBAR,SGSZ07,N,SERANGOON,SG,NORTH-EAST REGION,NER,9342743D10C6BFDB,20191223152313,898555.07640132,4659.01712461711,0.9046,0,0.0,37,0.0,"Counts use NParks Heritage Trees as a legal point proxy, not all Singapore trees."
813,8,TAI SENG,HGSZ08,N,HOUGANG,HG,NORTH-EAST REGION,NER,17FF4707CEF208F9,20191223152313,1796155.7532928,6396.59744893041,1.8083,1,0.553,44,2.273,"Counts use NParks Heritage Trees as a legal point proxy, not all Singapore trees."
814,1,TENGEH,TSSZ01,N,TUAS,TS,WEST REGION,WR,8572799AEFCB5ABD,20191223152313,2251238.31035123,9917.69470499232,2.2664,0,0.0,0,,"Counts use NParks Heritage Trees as a legal point proxy, not all Singapore trees."
815,1,YUHUA WEST,JESZ01,N,JURONG EAST,JE,WEST REGION,WR,DCEEDA9BE4BB67A9,20191223152313,776142.491567475,3817.52107182037,0.7814,0,0.0,63,0.0,"Counts use NParks Heritage Trees as a legal point proxy, not all Singapore trees."
816,3,BRADDELL,TPSZ03,N,TOA PAYOH,TP,CENTRAL REGION,CR,849909336BD70CC9,20191223152313,446241.791875385,3513.7569354578,0.4493,0,0.0,33,0.0,"Counts use NParks Heritage Trees as a legal point proxy, not all Singapore trees."
817,10,BIDADARI,TPSZ10,N,TOA PAYOH,TP,CENTRAL REGION,CR,B522727043B8AF0C,20191223152313,572502.139779865,3323.74283763026,0.5764,0,0.0,60,0.0,"Counts use NParks Heritage Trees as a legal point proxy, not all Singapore trees."
818,8,WOODLEIGH,TPSZ08,N,TOA PAYOH,TP,CENTRAL REGION,CR,FA35D874BD766895,20191223152313,813382.981369785,3778.89057410681,0.8189,1,1.221,0,,"Counts use NParks Heritage Trees as a legal point proxy, not all Singapore trees."
819,4,TAMAN JURONG,JWSZ04,N,JURONG WEST,JW,WEST REGION,WR,832B7D27EAD276CE,20191223152313,1484296.47314349,6583.69409641139,1.4943,0,0.0,132,0.0,"Counts use NParks Heritage Trees as a legal point proxy, not all Singapore trees."
820,4,LAKESIDE (LEISURE),JESZ04,N,JURONG EAST,JE,WEST REGION,WR,0249C1280AD8F2F8,20191223152313,1977071.49329026,7778.14060325773,1.9904,0,0.0,0,,"Counts use NParks Heritage Trees as a legal point proxy, not all Singapore trees."
821,1,TOA PAYOH WEST,TPSZ01,N,TOA PAYOH,TP,CENTRAL REGION,CR,F09D85529E92E6F5,20191223152313,1037281.09445677,4516.83996636407,1.0443,0,0.0,49,0.0,"Counts use NParks Heritage Trees as a legal point proxy, not all Singapore trees."
822,1,KAKI BUKIT,BDSZ01,N,BEDOK,BD,EAST REGION,ER,F85DE4E75BF5323C,20191223152313,2820950.86350576,8145.32342213049,2.84,0,0.0,135,0.0,"Counts use NParks Heritage Trees as a legal point proxy, not all Singapore trees."
823,2,YUHUA EAST,JESZ02,N,JURONG EAST,JE,WEST REGION,WR,C6A07011C2291ED7,20191223152313,924762.50299729,4018.42165717926,0.931,0,0.0,81,0.0,"Counts use NParks Heritage Trees as a legal point proxy, not all Singapore trees."
824,9,BUKIT BATOK SOUTH,BKSZ09,N,BUKIT BATOK,BK,WEST REGION,WR,181CF694F60DEC5A,20191223152313,1806380.88033371,6998.67313710439,1.8186,0,0.0,39,0.0,"Counts use NParks Heritage Trees as a legal point proxy, not all Singapore trees."
825,9,JURONG WEST CENTRAL,JWSZ09,N,JURONG WEST,JW,WEST REGION,WR,1D90F8ED7A36C82C,20191223152313,1404536.64285829,4649.7971500904,1.414,0,0.0,234,0.0,"Counts use NParks Heritage Trees as a legal point proxy, not all Singapore trees."
826,2,BEDOK RESERVOIR,BDSZ02,N,BEDOK,BD,EAST REGION,ER,F3CEF1310CE15C52,20191223152313,2379331.5288706,6899.52590019516,2.3954,0,0.0,66,0.0,"Counts use NParks Heritage Trees as a legal point proxy, not all Singapore trees."
897,5,LOWER SELETAR,YSSZ05,N,YISHUN,YS,NORTH REGION,NR,BB331B610E0A2C72,20191223152313,8451158.08120242,15205.2924756309,8.5081,0,0.0,45,0.0,"Counts use NParks Heritage Trees as a legal point proxy, not all Singapore trees."
898,1,NORTHSHORE,PGSZ01,N,PUNGGOL,PG,NORTH-EAST REGION,NER,541C134E38313D4E,20191223152313,1373407.53384519,5314.48760024982,1.3827,0,0.0,98,0.0,"Counts use NParks Heritage Trees as a legal point proxy, not all Singapore trees."
899,3,MANDAI ESTATE,MDSZ03,N,MANDAI,MD,NORTH REGION,NR,F6266F7368DBB9AB,20191223152313,143137.94105364,1633.70841598885,0.1441,0,0.0,0,,"Counts use NParks Heritage Trees as a legal point proxy, not all Singapore trees."
900,1,YISHUN CENTRAL,YSSZ01,N,YISHUN,YS,NORTH REGION,NR,796B74418F857A6C,20191223152313,436368.53382633,2549.6431822731,0.4393,0,0.0,13,0.0,"Counts use NParks Heritage Trees as a legal point proxy, not all Singapore trees."
901,3,PASIR RIS CENTRAL,PRSZ03,N,PASIR RIS,PR,EAST REGION,ER,FF244AAC9D31CDAF,20191223152313,1511487.38407576,5273.23900210143,1.5217,0,0.0,129,0.0,"Counts use NParks Heritage Trees as a legal point proxy, not all Singapore trees."
902,1,GOMBAK,BKSZ01,N,BUKIT BATOK,BK,WEST REGION,WR,516F895227C1A0CC,20191223152313,2456253.04570621,7902.51792882691,2.4728,0,0.0,17,0.0,"Counts use NParks Heritage Trees as a legal point proxy, not all Singapore trees."
903,1,PAYA LEBAR NORTH,PLSZ01,N,PAYA LEBAR,PL,EAST REGION,ER,100D316E8AEA9465,20191223152313,1287212.65899682,4809.99200941985,1.2959,0,0.0,0,,"Counts use NParks Heritage Trees as a legal point proxy, not all Singapore trees."
904,3,HOUGANG EAST,HGSZ03,N,HOUGANG,HG,NORTH-EAST REGION,NER,EED5DED3CE2CF722,20191223152313,842667.62612269,3960.44686191444,0.8483,0,0.0,87,0.0,"Counts use NParks Heritage Trees as a legal point proxy, not all Singapore trees."
905,10,LORONG HALUS,HGSZ10,N,HOUGANG,HG,NORTH-EAST REGION,NER,F0518D430182A509,20191223152313,1333532.9862028,5788.9600009412,1.3425,0,0.0,0,,"Counts use NParks Heritage Trees as a legal point proxy, not all Singapore trees."
906,2,KANGKAR,HGSZ02,N,HOUGANG,HG,NORTH-EAST REGION,NER,BE2E2BB27D14DC52,20191223152313,1007410.00224691,5617.43081118553,1.0142,0,0.0,82,0.0,"Counts use NParks Heritage Trees as a legal point proxy, not all Singapore trees."
907,2,CHANGI WEST,CHSZ02,N,CHANGI,CH,EAST REGION,ER,A61E707AC702A824,20191223152313,4803931.3541115,14932.7264276718,4.8363,0,0.0,0,,"Counts use NParks Heritage Trees as a legal point proxy, not all Singapore trees."
908,2,HOLLAND DRIVE,QTSZ02,N,QUEENSTOWN,QT,CENTRAL REGION,CR,D4581C0BFC14C9BD,20191223152313,470674.752062255,3312.82445264164,0.4738,0,0.0,41,0.0,"Counts use NParks Heritage Trees as a legal point proxy, not all Singapore trees."
856,4,HOUGANG WEST,HGSZ04,N,HOUGANG,HG,NORTH-EAST REGION,NER,27B0E0BDE3579753,20191223152313,1328876.19765909,6424.48213864367,1.3378,0,0.0,174,0.0,"Counts use NParks Heritage Trees as a legal point proxy, not all Singapore trees."
857,3,PAYA LEBAR WEST,PLSZ03,N,PAYA LEBAR,PL,EAST REGION,ER,88D706EFBDE6AE31,20191223152313,601726.5923635,5914.88165500231,0.6058,0,0.0,0,,"Counts use NParks Heritage Trees as a legal point proxy, not all Singapore trees."
858,4,BANGKIT,BPSZ04,N,BUKIT PANJANG,BP,WEST REGION,WR,434BCF269E20F681,20191223152313,763183.429445305,4350.13572206134,0.7683,0,0.0,72,0.0,"Counts use NParks Heritage Trees as a legal point proxy, not all Singapore trees."
859,1,LORONG HALUS NORTH,SESZ01,N,SENGKANG,SE,NORTH-EAST REGION,NER,4A9FCDF7EAE9BEAE,20191223152313,924866.016484645,3930.09675185382,0.9311,0,0.0,0,,"Counts use NParks Heritage Trees as a legal point proxy, not all Singapore trees."
860,4,PENG SIANG,CKSZ04,N,CHOA CHU KANG,CK,WEST REGION,WR,55D32D2C89CA2B41,20191223152313,862737.088660295,4555.05795281114,0.8686,0,0.0,122,0.0,"Counts use NParks Heritage Trees as a legal point proxy, not all Singapore trees."
861,2,PASIR RIS WEST,PRSZ02,N,PASIR RIS,PR,EAST REGION,ER,504681216FE2A24B,20191223152313,1583440.16442255,5128.4948903532,1.5941,0,0.0,266,0.0,"Counts use NParks Heritage Trees as a legal point proxy, not all Singapore trees."
862,9,YIO CHU KANG WEST,AMSZ09,N,ANG MO KIO,AM,NORTH-EAST REGION,NER,34215498CFFEE6DF,20191223152313,846137.19730989,3707.00572694614,0.8518,0,0.0,56,0.0,"Counts use NParks Heritage Trees as a legal point proxy, not all Singapore trees."
863,1,CHANGI POINT,CHSZ01,N,CHANGI,CH,EAST REGION,ER,905D310D6A202C7B,20191223152313,997937.519525735,4912.18992164786,1.0047,16,15.925,7,228.571,"Counts use NParks Heritage Trees as a legal point proxy, not all Singapore trees."
864,3,SENGKANG TOWN CENTRE,SESZ03,N,SENGKANG,SE,NORTH-EAST REGION,NER,FDC4FBC160B955B0,20191223152313,1460534.44098612,5225.14966453345,1.4704,0,0.0,221,0.0,"Counts use NParks Heritage Trees as a legal point proxy, not all Singapore trees."
865,4,ANCHORVALE,SESZ04,N,SENGKANG,SE,NORTH-EAST REGION,NER,D1AAEF91E0826B9F,20191223152313,1496681.28662161,5115.29971797571,1.5068,0,0.0,172,0.0,"Counts use NParks Heritage Trees as a legal point proxy, not all Singapore trees."
866,7,SENGKANG WEST,SESZ07,N,SENGKANG,SE,NORTH-EAST REGION,NER,A0B89988F8E01041,20191223152313,1667086.4603752,5992.42825247901,1.6783,0,0.0,0,,"Counts use NParks Heritage Trees as a legal point proxy, not all Singapore trees."
867,6,FERNVALE,SESZ06,N,SENGKANG,SE,NORTH-EAST REGION,NER,F10D1C953E9D8403,20191223152313,2391627.04450326,6491.77131403224,2.4077,0,0.0,215,0.0,"Counts use NParks Heritage Trees as a legal point proxy, not all Singapore trees."
868,4,PUNGGOL FIELD,PGSZ04,N,PUNGGOL,PG,NORTH-EAST REGION,NER,7462F6141FA74A37,20191223152313,1378710.53569806,5229.11611384764,1.388,0,0.0,182,0.0,"Counts use NParks Heritage Trees as a legal point proxy, not all Singapore trees."
869,6,YEW TEE,CKSZ06,N,CHOA CHU KANG,CK,WEST REGION,WR,3B59590851B4D688,20191223152313,923214.74805272,3715.39348343545,0.9294,0,0.0,131,0.0,"Counts use NParks Heritage Trees as a legal point proxy, not all Singapore trees."
870,1,PASIR RIS WAFER FAB PARK,PRSZ01,N,PASIR RIS,PR,EAST REGION,ER,8ED8595B49D9E9B6,20191223152313,5325421.57045121,10606.6467514689,5.3613,0,0.0,0,,"Counts use NParks Heritage Trees as a legal point proxy, not all Singapore trees."
871,5,TRAFALGAR,HGSZ05,N,HOUGANG,HG,NORTH-EAST REGION,NER,86A32783BB5CDD32,20191223152313,1744387.40738653,6199.26749111497,1.7561,0,0.0,170,0.0,"Counts use NParks Heritage Trees as a legal point proxy, not all Singapore trees."
872,1,TECK WHYE,CKSZ01,N,CHOA CHU KANG,CK,WEST REGION,WR,6C4646318E77D86D,20191223152313,1003202.6199168,4541.30971305998,1.01,0,0.0,95,0.0,"Counts use NParks Heritage Trees as a legal point proxy, not all Singapore trees."
873,3,CHOA CHU KANG CENTRAL,CKSZ03,N,CHOA CHU KANG,CK,WEST REGION,WR,BB228DB52E16706A,20191223152313,1095687.96473676,4190.27344956292,1.1031,0,0.0,63,0.0,"Counts use NParks Heritage Trees as a legal point proxy, not all Singapore trees."
874,3,FAJAR,BPSZ03,N,BUKIT PANJANG,BP,WEST REGION,WR,2F183C2676E91CD1,20191223152313,668454.439260945,3800.60894050328,0.673,0,0.0,108,0.0,"Counts use NParks Heritage Trees as a legal point proxy, not all Singapore trees."
875,1,SENJA,BPSZ01,N,BUKIT PANJANG,BP,WEST REGION,WR,E8D08EFDCD0D5E22,20191223152313,624877.500115815,3836.25422873276,0.6291,0,0.0,80,0.0,"Counts use NParks Heritage Trees as a legal point proxy, not all Singapore trees."
876,2,SAUJANA,BPSZ02,N,BUKIT PANJANG,BP,WEST REGION,WR,BAD02A93A41830EC,20191223152313,674992.000939495,3686.69056676927,0.6795,0,0.0,84,0.0,"Counts use NParks Heritage Trees as a legal point proxy, not all Singapore trees."
877,1,SELETAR HILLS,SGSZ01,N,SERANGOON,SG,NORTH-EAST REGION,NER,AE4E2159139560B6,20191223152313,2330683.264419,6498.65107142,2.3464,1,0.426,0,,"Counts use NParks Heritage Trees as a legal point proxy, not all Singapore trees."
878,5,COMPASSVALE,SESZ05,N,SENGKANG,SE,NORTH-EAST REGION,NER,8C655DC88E04FC37,20191223152313,1093213.49086991,5216.01738046624,1.1006,0,0.0,83,0.0,"Counts use NParks Heritage Trees as a legal point proxy, not all Singapore trees."
879,12,YIO CHU KANG EAST,AMSZ12,N,ANG MO KIO,AM,NORTH-EAST REGION,NER,75F91E9882406325,20191223152313,1861872.04191577,5592.19108104339,1.8744,0,0.0,0,,"Counts use NParks Heritage Trees as a legal point proxy, not all Singapore trees."
880,10,YIO CHU KANG,AMSZ10,N,ANG MO KIO,AM,NORTH-EAST REGION,NER,5E2B16BB381BAEA4,20191223152313,909418.567688575,4533.21836353291,0.9155,0,0.0,0,,"Counts use NParks Heritage Trees as a legal point proxy, not all Singapore trees."
881,6,LOYANG WEST,PRSZ06,N,PASIR RIS,PR,EAST REGION,ER,F05BF2567D72CBEB,20191223152313,2106164.21092776,6188.38256219872,2.1203,0,0.0,0,,"Counts use NParks Heritage Trees as a legal point proxy, not all Singapore trees."
882,8,TAGORE,AMSZ08,N,ANG MO KIO,AM,NORTH-EAST REGION,NER,DECC20CBAF2CD0C4,20191223152313,3334192.44168521,8162.6001736674,3.3567,1,0.298,0,,"Counts use NParks Heritage Trees as a legal point proxy, not all Singapore trees."
883,4,PASIR RIS PARK,PRSZ04,N,PASIR RIS,PR,EAST REGION,ER,34158DC9A5EE85F6,20191223152313,1719704.87822023,8519.67572018454,1.7313,0,0.0,0,,"Counts use NParks Heritage Trees as a legal point proxy, not all Singapore trees."
884,5,CHOA CHU KANG NORTH,CKSZ05,N,CHOA CHU KANG,CK,WEST REGION,WR,BB56B92C1990A67A,20191223152313,1088638.00008559,4552.3143012583,1.096,0,0.0,124,0.0,"Counts use NParks Heritage Trees as a legal point proxy, not all Singapore trees."
885,2,RIVERVALE,SESZ02,N,SENGKANG,SE,NORTH-EAST REGION,NER,986666487FF7CF78,20191223152313,1569034.78420472,6315.95441658403,1.5796,0,0.0,210,0.0,"Counts use NParks Heritage Trees as a legal point proxy, not all Singapore trees."
886,11,YIO CHU KANG NORTH,AMSZ11,N,ANG MO KIO,AM,NORTH-EAST REGION,NER,0C1D0E02347BCC50,20191223152313,1464508.92860457,6446.73218012068,1.4744,0,0.0,0,,"Counts use NParks Heritage Trees as a legal point proxy, not all Singapore trees."
887,8,YUNNAN,JWSZ08,N,JURONG WEST,JW,WEST REGION,WR,D3B6116B19FF864D,20191223152313,2206305.0091039,7192.20867524157,2.2212,0,0.0,244,0.0,"Counts use NParks Heritage Trees as a legal point proxy, not all Singapore trees."
888,5,LORONG CHUAN,SGSZ05,N,SERANGOON,SG,NORTH-EAST REGION,NER,8CF45D8EE07ED019,20191223152313,1180126.11150258,5440.34732379145,1.1881,0,0.0,0,,"Counts use NParks Heritage Trees as a legal point proxy, not all Singapore trees."
889,3,HONG KAH,JWSZ03,N,JURONG WEST,JW,WEST REGION,WR,671D28271BABC959,20191223152313,1793463.63083299,5589.78456120789,1.8055,0,0.0,174,0.0,"Counts use NParks Heritage Trees as a legal point proxy, not all Singapore trees."
890,4,SELETAR,SLSZ04,N,SELETAR,SL,NORTH-EAST REGION,NER,090196CCA5F07AF2,20191223152313,3916069.33748198,8487.27447615785,3.9425,1,0.254,0,,"Counts use NParks Heritage Trees as a legal point proxy, not all Singapore trees."
891,4,PANG SUA,SKSZ04,N,SUNGEI KADUT,SK,NORTH REGION,NR,310C8087D7221C08,20191223152313,2175380.05847392,7561.99010711162,2.19,0,0.0,0,,"Counts use NParks Heritage Trees as a legal point proxy, not all Singapore trees."
892,1,SELETAR AEROSPACE PARK,SLSZ01,N,SELETAR,SL,NORTH-EAST REGION,NER,C0F8B68345D7ACCF,20191223152313,3623010.72029012,8946.47979499291,3.6474,6,1.645,0,,"Counts use NParks Heritage Trees as a legal point proxy, not all Singapore trees."
893,8,KHATIB,YSSZ08,N,YISHUN,YS,NORTH REGION,NR,DC75517DA31123DB,20191223152313,1432913.06237233,4956.14573523388,1.4426,0,0.0,44,0.0,"Counts use NParks Heritage Trees as a legal point proxy, not all Singapore trees."
894,1,MANDAI WEST,MDSZ01,N,MANDAI,MD,NORTH REGION,NR,D43F8AE8019B62F7,20191223152313,4388415.12969891,9631.09311702139,4.418,0,0.0,0,,"Counts use NParks Heritage Trees as a legal point proxy, not all Singapore trees."
895,7,CONEY ISLAND,PGSZ07,N,PUNGGOL,PG,NORTH-EAST REGION,NER,4CC899749E12D4E3,20191223152313,1200435.19332925,5670.63998059052,1.2085,0,0.0,0,,"Counts use NParks Heritage Trees as a legal point proxy, not all Singapore trees."
896,4,YISHUN SOUTH,YSSZ04,N,YISHUN,YS,NORTH REGION,NR,4F460D4A3AFAC8BF,20191223152313,1340167.98839231,5781.58805086045,1.3492,0,0.0,158,0.0,"Counts use NParks Heritage Trees as a legal point proxy, not all Singapore trees."
936,5,RESERVOIR VIEW,SKSZ05,N,SUNGEI KADUT,SK,NORTH REGION,NR,40050ADDFBCC870F,20191223152313,3284130.41989259,10399.424484763,3.3063,0,0.0,0,,"Counts use NParks Heritage Trees as a legal point proxy, not all Singapore trees."
937,3,WOODLANDS EAST,WDSZ03,N,WOODLANDS,WD,NORTH REGION,NR,C90769E43EE6B0F2,20191223152313,2553463.7239158,6603.60830096971,2.5707,0,0.0,347,0.0,"Counts use NParks Heritage Trees as a legal point proxy, not all Singapore trees."
938,3,SEMBAWANG CENTRAL,SBSZ03,N,SEMBAWANG,SB,NORTH REGION,NR,5FDC3CA8CAC33369,20191223152313,961421.722696265,3950.53359741633,0.9679,0,0.0,119,0.0,"Counts use NParks Heritage Trees as a legal point proxy, not all Singapore trees."
939,7,GREENWOOD PARK,WDSZ07,N,WOODLANDS,WD,NORTH REGION,NR,A38714A4F4163DCE,20191223152313,1281296.51029221,4620.86556654821,1.2899,0,0.0,0,,"Counts use NParks Heritage Trees as a legal point proxy, not all Singapore trees."
940,1,SEMBAWANG EAST,SBSZ01,N,SEMBAWANG,SB,NORTH REGION,NR,5C6A0B0C3E280F49,20191223152313,758123.4599344,3494.9734125588,0.7632,0,0.0,85,0.0,"Counts use NParks Heritage Trees as a legal point proxy, not all Singapore trees."
941,8,SENOKO WEST,WDSZ08,N,WOODLANDS,WD,NORTH REGION,NR,ACD9BD92A81177CE,20191223152313,905921.117851695,3966.74096880477,0.912,0,0.0,2,0.0,"Counts use NParks Heritage Trees as a legal point proxy, not all Singapore trees."
942,3,MATILDA,PGSZ03,N,PUNGGOL,PG,NORTH-EAST REGION,NER,DE257E21D72CC368,20191223152313,1418032.68615817,5382.82268872291,1.4276,0,0.0,180,0.0,"Counts use NParks Heritage Trees as a legal point proxy, not all Singapore trees."
943,5,WATERWAY EAST,PGSZ05,N,PUNGGOL,PG,NORTH-EAST REGION,NER,A9E7E4A7DEE0B6F2,20191223152313,1489246.88272305,5391.06510657085,1.4993,0,0.0,214,0.0,"Counts use NParks Heritage Trees as a legal point proxy, not all Singapore trees."
944,3,GALI BATU,SKSZ03,N,SUNGEI KADUT,SK,NORTH REGION,NR,B462B6D7566CF5CD,20191223152313,5186128.07725419,9036.6827707223,5.2211,0,0.0,0,,"Counts use NParks Heritage Trees as a legal point proxy, not all Singapore trees."
952,9,CRAWFORD,KLSZ09,N,KALLANG,KL,CENTRAL REGION,CR,A8E5B51305251A59,20191223152313,235996.952084445,2081.07647554203,0.2376,0,0.0,28,0.0,"Counts use NParks Heritage Trees as a legal point proxy, not all Singapore trees."
953,4,TUAS BAY,TSSZ04,N,TUAS,TS,WEST REGION,WR,40DF114D595673C6,20191223152313,5864239.52525122,12936.9977243941,5.9037,0,0.0,0,,"Counts use NParks Heritage Trees as a legal point proxy, not all Singapore trees."
954,5,TUAS VIEW,TSSZ05,N,TUAS,TS,WEST REGION,WR,25BB3BECDD4562CD,20191223152313,4472029.37321271,9799.41168365992,4.5021,0,0.0,0,,"Counts use NParks Heritage Trees as a legal point proxy, not all Singapore trees."
955,3,BAHAR,WCSZ03,N,WESTERN WATER CATCHMENT,WC,WEST REGION,WR,724F6DE37254CC82,20191223152313,500139.02999166,3203.94900063747,0.5035,0,0.0,0,,"Counts use NParks Heritage Trees as a legal point proxy, not all Singapore trees."
956,2,CLEANTECH,WCSZ02,N,WESTERN WATER CATCHMENT,WC,WEST REGION,WR,A0DEF5BD36C57EA8,20191223152313,697637.382894995,3690.81598156046,0.7023,0,0.0,0,,"Counts use NParks Heritage Trees as a legal point proxy, not all Singapore trees."
957,5,LAKESIDE (BUSINESS),JESZ05,N,JURONG EAST,JE,WEST REGION,WR,E7A966ACDB7B6DCF,20191223152313,1130951.78297144,6024.04257256631,1.1386,0,0.0,0,,"Counts use NParks Heritage Trees as a legal point proxy, not all Singapore trees."
958,3,PARK,THSZ03,N,TENGAH,TH,WEST REGION,WR,054126B92755429F,20191223152313,1459158.63244467,6284.4935168023,1.469,0,0.0,54,0.0,"Counts use NParks Heritage Trees as a legal point proxy, not all Singapore trees."
959,4,BRICKLAND,THSZ04,N,TENGAH,TH,WEST REGION,WR,F9F6AE822CFB2FD9,20191223152313,784712.39093445,4107.48711157113,0.79,0,0.0,0,,"Counts use NParks Heritage Trees as a legal point proxy, not all Singapore trees."
960,1,FOREST HILL,THSZ01,N,TENGAH,TH,WEST REGION,WR,8D98A409DD602273,20191223152313,1046417.57595659,4234.37168345758,1.0535,0,0.0,0,,"Counts use NParks Heritage Trees as a legal point proxy, not all Singapore trees."
961,6,PLANTATION,THSZ06,N,TENGAH,TH,WEST REGION,WR,7F45301009532799,20191223152313,899102.54441201,4327.32623855137,0.9052,0,0.0,66,0.0,"Counts use NParks Heritage Trees as a legal point proxy, not all Singapore trees."
962,5,GARDEN,THSZ05,N,TENGAH,TH,WEST REGION,WR,F299A7CBC5D70DA0,20191223152313,780759.70582217,3622.69637887637,0.786,0,0.0,47,0.0,"Counts use NParks Heritage Trees as a legal point proxy, not all Singapore trees."
963,4,AIRPORT ROAD,PLSZ04,N,PAYA LEBAR,PL,EAST REGION,ER,F11FE08B4945301B,20191223152313,482856.69353526,3332.75818033943,0.4861,0,0.0,0,,"Counts use NParks Heritage Trees as a legal point proxy, not all Singapore trees."
964,9,NORTH COAST,WDSZ09,N,WOODLANDS,WD,NORTH REGION,NR,67D8151DBED1808F,20191223152313,2450947.54753915,10787.5282469671,2.4675,0,0.0,34,0.0,"Counts use NParks Heritage Trees as a legal point proxy, not all Singapore trees."
945,6,SPRINGLEAF,YSSZ06,N,YISHUN,YS,NORTH REGION,NR,5D0241839A91E181,20191223152313,2209210.7052003,6912.80078042175,2.2241,0,0.0,0,,"Counts use NParks Heritage Trees as a legal point proxy, not all Singapore trees."
946,2,PUNGGOL TOWN CENTRE,PGSZ02,N,PUNGGOL,PG,NORTH-EAST REGION,NER,C88176A77BABF895,20191223152313,1262037.11545082,4866.20171592113,1.2705,0,0.0,75,0.0,"Counts use NParks Heritage Trees as a legal point proxy, not all Singapore trees."
947,6,PUNGGOL CANAL,PGSZ06,N,PUNGGOL,PG,NORTH-EAST REGION,NER,90CACDCDAB5FFD84,20191223152313,1252407.60285503,6238.20673889609,1.2608,0,0.0,0,,"Counts use NParks Heritage Trees as a legal point proxy, not all Singapore trees."
948,1,CENTRAL WATER CATCHMENT,CCSZ01,N,CENTRAL WATER CATCHMENT,CC,NORTH REGION,NR,E04A0F15275C0437,20191223152313,37158688.9453345,30487.5608561787,37.4093,8,0.214,0,,"Counts use NParks Heritage Trees as a legal point proxy, not all Singapore trees."
949,6,SEMBAWANG STRAITS,SBSZ06,N,SEMBAWANG,SB,NORTH REGION,NR,E20BBFE7BA39DAF0,20191223152313,1540733.67478403,7217.38880764121,1.5511,2,1.289,0,,"Counts use NParks Heritage Trees as a legal point proxy, not all Singapore trees."
950,7,THE WHARVES,SBSZ07,N,SEMBAWANG,SB,NORTH REGION,NR,2723085BAD7B8B1A,20191223152313,1635808.13813976,11828.876267587,1.6468,0,0.0,0,,"Counts use NParks Heritage Trees as a legal point proxy, not all Singapore trees."
951,8,SENOKO NORTH,SBSZ08,N,SEMBAWANG,SB,NORTH REGION,NR,D7AF76A7B698EBFC,20191223152313,2241224.89099326,7392.30754962221,2.2563,0,0.0,0,,"Counts use NParks Heritage Trees as a legal point proxy, not all Singapore trees."
909,3,CHANGI AIRPORT,CHSZ03,N,CHANGI,CH,EAST REGION,ER,45D6F333D448C0BC,20191223152313,35669230.7966312,28304.8997718477,35.9092,0,0.0,0,,"Counts use NParks Heritage Trees as a legal point proxy, not all Singapore trees."
910,2,PEOPLE'S PARK,OTSZ02,Y,OUTRAM,OT,CENTRAL REGION,CR,63E72AD190C5910E,20191223152313,91352.418043585,1828.36403150446,0.092,0,0.0,0,,"Counts use NParks Heritage Trees as a legal point proxy, not all Singapore trees."
911,1,MOUNTBATTEN,MPSZ01,N,MARINE PARADE,MP,CENTRAL REGION,CR,0BD8CFB4AC667134,20191223152313,1711946.01309328,5422.49752755028,1.7235,1,0.58,0,,"Counts use NParks Heritage Trees as a legal point proxy, not all Singapore trees."
912,4,ALJUNIED,GLSZ04,N,GEYLANG,GL,CENTRAL REGION,CR,BFA411234F9CD324,20191223152313,2961466.15045638,7105.13902756705,2.9814,0,0.0,126,0.0,"Counts use NParks Heritage Trees as a legal point proxy, not all Singapore trees."
913,3,PULAU PUNGGOL TIMOR,SLSZ03,N,SELETAR,SL,NORTH-EAST REGION,NER,F15E31C86A06E4C4,20191223152313,1259743.14035744,4817.80350283125,1.2682,0,0.0,0,,"Counts use NParks Heritage Trees as a legal point proxy, not all Singapore trees."
914,2,TURF CLUB,SKSZ02,N,SUNGEI KADUT,SK,NORTH REGION,NR,17459E60C3EEAF30,20191223152313,3291405.5056869,7665.6760194316,3.3136,0,0.0,0,,"Counts use NParks Heritage Trees as a legal point proxy, not all Singapore trees."
915,4,WOODLANDS SOUTH,WDSZ04,N,WOODLANDS,WD,NORTH REGION,NR,8A4E14DAC4ACE11C,20191223152313,1576001.47578921,5211.38443466678,1.5866,0,0.0,132,0.0,"Counts use NParks Heritage Trees as a legal point proxy, not all Singapore trees."
916,5,WOODGROVE,WDSZ05,N,WOODLANDS,WD,NORTH REGION,NR,DB45E84D9761116A,20191223152313,1664187.247845,6285.06565173198,1.6754,0,0.0,123,0.0,"Counts use NParks Heritage Trees as a legal point proxy, not all Singapore trees."
917,3,YISHUN EAST,YSSZ03,N,YISHUN,YS,NORTH REGION,NR,1962ECC8619AFF55,20191223152313,1769246.05491137,5967.63361929069,1.7812,0,0.0,276,0.0,"Counts use NParks Heritage Trees as a legal point proxy, not all Singapore trees."
918,1,MURAI,WCSZ01,N,WESTERN WATER CATCHMENT,WC,WEST REGION,WR,ABCC4215E5EE5CFE,20191223152313,68550559.2966177,45176.2807311632,69.012,1,0.014,0,,"Counts use NParks Heritage Trees as a legal point proxy, not all Singapore trees."
919,2,PULAU PUNGGOL BARAT,SLSZ02,N,SELETAR,SL,NORTH-EAST REGION,NER,E90150177AF78239,20191223152313,2050051.18630661,6251.20763668672,2.0639,0,0.0,0,,"Counts use NParks Heritage Trees as a legal point proxy, not all Singapore trees."
920,4,PULAU SELETAR,SMSZ04,N,SIMPANG,SM,NORTH REGION,NR,66E54DD5CE0C71A2,20191223152313,1611278.67537751,5466.04826912817,1.6221,0,0.0,0,,"Counts use NParks Heritage Trees as a legal point proxy, not all Singapore trees."
921,5,ADMIRALTY,SBSZ05,N,SEMBAWANG,SB,NORTH REGION,NR,2E2DB30B78E2AC57,20191223152313,1261648.74800536,4534.25188835954,1.2702,3,2.362,57,5.263,"Counts use NParks Heritage Trees as a legal point proxy, not all Singapore trees."
922,1,LIM CHU KANG,LKSZ01,N,LIM CHU KANG,LK,NORTH REGION,NR,3C3E4E4975E5470D,20191223152313,17495367.0342291,18710.1865225383,17.6131,1,0.057,0,,"Counts use NParks Heritage Trees as a legal point proxy, not all Singapore trees."
923,1,SIMPANG NORTH,SMSZ01,N,SIMPANG,SM,NORTH REGION,NR,19529EBD71A301DD,20191223152313,3450455.35947988,9071.75244948476,3.4737,0,0.0,0,,"Counts use NParks Heritage Trees as a legal point proxy, not all Singapore trees."
924,9,SENOKO SOUTH,SBSZ09,N,SEMBAWANG,SB,NORTH REGION,NR,6535675C142CEB7B,20191223152313,1743360.19009996,5262.0161009772,1.7551,0,0.0,0,,"Counts use NParks Heritage Trees as a legal point proxy, not all Singapore trees."
925,4,SEMBAWANG NORTH,SBSZ04,N,SEMBAWANG,SB,NORTH REGION,NR,E10B955B25D378F3,20191223152313,1394478.53700354,5511.69892381565,1.4039,0,0.0,87,0.0,"Counts use NParks Heritage Trees as a legal point proxy, not all Singapore trees."
926,2,TANJONG IRAU,SMSZ02,N,SIMPANG,SM,NORTH REGION,NR,74181C5882F588F0,20191223152313,1074375.1211698,4322.19523418239,1.0816,0,0.0,0,,"Counts use NParks Heritage Trees as a legal point proxy, not all Singapore trees."
927,9,YISHUN WEST,YSSZ09,N,YISHUN,YS,NORTH REGION,NR,95C11920195B86C7,20191223152313,1517767.38916657,5318.57926605017,1.528,0,0.0,153,0.0,"Counts use NParks Heritage Trees as a legal point proxy, not all Singapore trees."
928,1,WOODLANDS REGIONAL CENTRE,WDSZ01,N,WOODLANDS,WD,NORTH REGION,NR,8AEF535CD000EA39,20191223152313,595652.143903905,3254.34327540818,0.5997,0,0.0,7,0.0,"Counts use NParks Heritage Trees as a legal point proxy, not all Singapore trees."
929,1,NORTH-EASTERN ISLANDS,NESZ01,N,NORTH-EASTERN ISLANDS,NE,NORTH-EAST REGION,NER,712324C94CA834E8,20191223152313,67250524.1313177,62436.0063784017,67.7028,9,0.133,0,,"Counts use NParks Heritage Trees as a legal point proxy, not all Singapore trees."
930,3,SIMPANG SOUTH,SMSZ03,N,SIMPANG,SM,NORTH REGION,NR,80089CFFAF9153EA,20191223152313,2147082.06660449,7166.91366177721,2.1616,0,0.0,0,,"Counts use NParks Heritage Trees as a legal point proxy, not all Singapore trees."
931,2,NORTHLAND,YSSZ02,N,YISHUN,YS,NORTH REGION,NR,A0E30DFB562910D3,20191223152313,1511000.36309643,5057.11992149286,1.5212,0,0.0,101,0.0,"Counts use NParks Heritage Trees as a legal point proxy, not all Singapore trees."
932,2,MIDVIEW,WDSZ02,N,WOODLANDS,WD,NORTH REGION,NR,42D5F52D334C615F,20191223152313,936415.52611064,4159.2014403822,0.9427,0,0.0,140,0.0,"Counts use NParks Heritage Trees as a legal point proxy, not all Singapore trees."
933,6,WOODLANDS WEST,WDSZ06,N,WOODLANDS,WD,NORTH REGION,NR,4215C006676A7D38,20191223152313,1648629.90869313,5929.64468680824,1.6597,1,0.603,137,0.73,"Counts use NParks Heritage Trees as a legal point proxy, not all Singapore trees."
934,2,SEMBAWANG SPRINGS,SBSZ02,N,SEMBAWANG,SB,NORTH REGION,NR,C739B507A1ACBDB3,20191223152313,1099394.72040744,4212.04224667074,1.1068,0,0.0,32,0.0,"Counts use NParks Heritage Trees as a legal point proxy, not all Singapore trees."
935,1,KRANJI,SKSZ01,N,SUNGEI KADUT,SK,NORTH REGION,NR,3487338E07E5DE5F,20191223152313,3652031.03288316,7899.9523427464,3.6766,2,0.544,0,,"Counts use NParks Heritage Trees as a legal point proxy, not all Singapore trees."
965,5,PLAB,PLSZ05,N,PAYA LEBAR,PL,EAST REGION,ER,5EED202C9AB77BA1,20191223152313,7054259.4557197,12095.3159143437,7.1018,0,0.0,0,,"Counts use NParks Heritage Trees as a legal point proxy, not all Singapore trees."
966,2,MANDAI EAST,MDSZ02,N,MANDAI,MD,NORTH REGION,NR,FF210164B740FEFC,20191223152313,7235755.06271585,11572.5938695991,7.2845,0,0.0,0,,"Counts use NParks Heritage Trees as a legal point proxy, not all Singapore trees."
967,7,NEE SOON,YSSZ07,N,YISHUN,YS,NORTH REGION,NR,DF8BD7E1E39CEFFD,20191223152313,2206749.93363323,7074.13510736583,2.2216,0,0.0,0,,"Counts use NParks Heritage Trees as a legal point proxy, not all Singapore trees."
968,1,UPPER THOMSON,BSSZ01,N,BISHAN,BS,CENTRAL REGION,CR,716DA27F6666AB0C,20191223152313,3849506.97169071,10031.3788281567,3.8755,0,0.0,51,0.0,"Counts use NParks Heritage Trees as a legal point proxy, not all Singapore trees."
969,5,SHANGRI-LA,AMSZ05,N,ANG MO KIO,AM,NORTH-EAST REGION,NER,9FA8567B39D8D9D7,20191223152313,687913.665161085,4019.21524844498,0.6926,0,0.0,67,0.0,"Counts use NParks Heritage Trees as a legal point proxy, not all Singapore trees."
970,4,TOWNSVILLE,AMSZ04,N,ANG MO KIO,AM,NORTH-EAST REGION,NER,F5558D84EBC2AAA7,20191223152313,546393.826227735,3313.32284387117,0.5501,0,0.0,71,0.0,"Counts use NParks Heritage Trees as a legal point proxy, not all Singapore trees."
971,2,MARYMOUNT,BSSZ02,N,BISHAN,BS,CENTRAL REGION,CR,154AA8659ADDE6D7,20191223152313,1964144.59217362,6383.48470763256,1.9774,0,0.0,103,0.0,"Counts use NParks Heritage Trees as a legal point proxy, not all Singapore trees."
972,6,TUAS VIEW EXTENSION,TSSZ06,N,TUAS,TS,WEST REGION,WR,9E88DD747862051B,20191223152313,27710219.0717429,55739.4203834042,27.8966,0,0.0,0,,"Counts use NParks Heritage Trees as a legal point proxy, not all Singapore trees."
